Timestamp,Throttle,Roll,Pitch,Yaw,KillSwitch,Emergency,Ax_ms2,Ay_ms2,Az_ms2,Gx_dps,Gy_dps,Gz_dps
# Flight Data Log - Single Flight Mode
# Generated by Starship Hand Controller
# Timestamp: milliseconds since loop start (flight time)
# Control values: 0-255 (127=center)
# Emergency: 1=active, 0=normal
# File overwrites on each restart
# ========================
584,,,,,,,, # System startup - Hand Controller initialized
24796,,,,,,,, # Flight started - Loop timestamp zero point set
0,131,0,0,0,131,0,-0.05030,0.02156,9.96807,-0.67939,-0.19847,-0.38931
111,131,0,0,0,131,0,-0.01916,0.04790,9.98244,-0.76336,-0.35115,-0.38168
232,131,0,0,0,131,0,-0.02635,0.01437,9.96089,-0.74046,-0.34351,-0.26718
352,131,0,0,0,131,0,-0.09101,0.00958,9.97286,-0.68702,-0.41221,-0.38931
473,131,0,0,0,131,0,-0.03353,0.07185,9.94891,-0.64122,-0.29771,-0.41985
593,131,0,0,0,131,0,-0.02874,0.06706,9.95131,-0.78626,-0.38931,-0.24427
714,131,0,0,0,131,0,-0.09580,0.02635,9.96328,-0.64122,-0.17557,-0.39695
835,131,0,0,0,131,0,-0.06706,0.01916,9.97765,-0.87023,-0.45802,-0.55725
955,131,0,0,0,131,0,-0.02156,0.04311,9.95131,-0.67176,-0.46565,-0.27481
1076,131,0,0,0,131,0,-0.07664,0.02874,9.95370,-0.70229,-0.29771,-0.39695
1196,131,0,0,0,131,0,-0.05030,0.01437,9.96328,-0.77863,-0.34351,-0.41985
1317,131,0,0,0,131,0,-0.05269,0.02635,9.97526,-0.55725,-0.38931,-0.28244
1437,131,0,0,0,131,0,-0.05748,0.02395,9.97047,-0.57252,-0.25191,-0.28244
1558,131,0,0,0,131,0,-0.04551,0.03353,9.95370,-0.64122,-0.35878,-0.40458
1678,131,0,0,0,131,0,-0.05030,0.02156,9.95849,-0.74046,-0.33588,-0.34351
1799,131,0,0,0,131,0,-0.05748,0.02635,9.96328,-0.69466,-0.48092,-0.25191
1919,131,0,0,0,131,0,-0.05748,0.05269,9.95849,-0.72519,-0.27481,-0.39695
2040,131,0,0,0,131,0,-0.03114,0.03114,9.97286,-0.79389,-0.32824,-0.38931
2160,131,0,0,0,131,0,-0.08622,0.02635,9.96328,-0.63359,-0.45038,-0.30534
2281,131,0,0,0,131,0,-0.05988,0.04790,9.95610,-0.70229,-0.46565,-0.32824
2402,131,0,0,0,131,0,-0.05748,0.01677,9.94652,-0.67939,-0.34351,-0.43511
2522,131,0,0,0,131,0,-0.07185,0.01437,9.96089,-0.63359,-0.40458,-0.35878
2643,131,0,0,0,131,0,-0.04551,0.02874,9.96089,-0.67939,-0.35115,-0.31298
2763,131,0,0,0,131,0,-0.06706,0.04311,9.96568,-0.84733,-0.27481,-0.19847
2884,131,0,0,0,131,0,-0.05748,0.01677,9.97047,-0.68702,-0.31298,-0.29771
3004,131,0,0,0,131,0,-0.02395,0.03832,9.96807,-0.64885,-0.35115,-0.25954
3125,131,0,0,0,131,0,-0.05988,0.02635,9.93933,-0.63359,-0.29771,-0.29771
3245,131,0,0,0,131,0,-0.04072,0.06706,9.95849,-0.74809,-0.31298,-0.24427
3366,131,0,0,0,131,0,-0.05748,0.06467,9.96568,-0.81679,-0.40458,-0.33588
3486,131,0,0,0,131,0,-0.04551,0.03593,9.95849,-0.71756,-0.35115,-0.27481
3607,131,0,0,0,131,0,-0.02635,0.02874,9.97526,-0.74809,-0.37405,-0.43511
3727,131,0,0,0,131,0,-0.04551,0.01437,9.96328,-0.66412,-0.25191,-0.28244
3848,131,0,0,0,131,0,-0.05269,0.02635,9.97286,-0.70229,-0.34351,-0.25954
3969,131,0,0,0,131,0,-0.04790,0.05988,9.97765,-0.61832,-0.34351,-0.38168
4089,131,0,0,0,131,0,-0.03593,0.03114,9.96328,-0.74046,-0.46565,-0.43511
4210,131,0,0,0,131,0,-0.05988,0.01437,9.95610,-0.79389,-0.34351,-0.29771
4330,131,0,0,0,131,0,-0.05748,0.03593,9.96807,-0.61069,-0.30534,-0.45038
4451,131,0,0,0,131,0,-0.04551,0.04790,9.96328,-0.61832,-0.27481,-0.32824
4571,131,0,0,0,131,0,-0.07904,0.03832,9.94891,-0.70992,-0.46565,-0.35115
4692,131,0,0,0,131,0,-0.07425,0.02156,9.95131,-0.54198,-0.39695,-0.45038
4812,131,0,0,0,131,0,-0.04072,0.03832,9.93694,-0.72519,-0.34351,-0.41985
4933,131,0,0,0,131,0,-0.07185,0.03353,9.95370,-0.63359,-0.39695,-0.23664
5053,131,0,0,0,131,0,-0.07185,0.02156,9.96807,-0.66412,-0.29008,-0.38168
5174,131,0,0,0,131,0,0.00000,0.03353,9.97286,-0.64122,-0.28244,-0.18321
5295,131,0,0,0,131,0,-0.00958,0.02635,9.96089,-0.73282,-0.44275,-0.35115
5415,131,0,0,0,131,0,-0.07425,0.04072,9.98005,-0.81679,-0.38931,-0.31298
5536,131,0,0,0,131,0,-0.02874,0.04790,9.94891,-0.81679,-0.25954,-0.41985
5656,131,0,0,0,131,0,-0.02874,0.04072,9.96568,-0.61069,-0.29771,-0.34351
5777,131,0,0,0,131,0,-0.05269,0.03114,9.97765,-0.72519,-0.36641,-0.46565
5897,131,0,0,0,131,0,-0.05509,0.05269,9.93933,-0.72519,-0.31298,-0.39695
6018,131,0,0,0,131,0,-0.05509,0.01437,9.94173,-0.71756,-0.30534,-0.29771
6138,131,0,0,0,131,0,-0.05748,0.02635,9.92257,-0.62595,-0.27481,-0.39695
6259,131,0,0,0,131,0,-0.05988,0.05269,9.93933,-0.80916,-0.37405,-0.33588
6379,131,0,0,0,131,0,-0.08622,0.02395,9.95849,-0.77863,-0.38168,-0.32061
6500,131,0,0,0,131,0,-0.04072,0.04790,9.98484,-0.85496,-0.22137,-0.35878
6620,131,0,0,0,131,0,-0.04311,0.03114,9.96089,-0.71756,-0.30534,-0.30534
6741,131,0,0,0,131,0,-0.08622,0.02635,9.99202,-0.67176,-0.27481,-0.41221
6862,131,0,0,0,131,0,-0.03353,0.06706,9.94891,-0.76336,-0.38168,-0.32824
6982,131,0,0,0,131,0,-0.02635,0.04551,9.95849,-0.66412,-0.20611,-0.24427
7103,131,0,0,0,131,0,-0.05030,0.01677,9.97286,-0.63359,-0.30534,-0.29008
7223,131,0,0,0,131,0,-0.02395,0.04551,9.93215,-0.77099,-0.35115,-0.45038
7344,131,0,0,0,131,0,-0.05269,0.05748,9.94173,-0.83206,-0.31298,-0.30534
7464,131,0,0,0,131,0,-0.06706,0.04551,9.95370,-0.64885,-0.45038,-0.25954
7585,131,0,0,0,131,0,-0.05030,0.07425,9.99442,-0.83969,-0.46565,-0.28244
7705,131,0,0,0,131,0,-0.05269,0.04072,9.94891,-0.59542,-0.33588,-0.35115
7826,131,0,0,0,131,0,-0.06227,0.00479,9.93215,-0.73282,-0.31298,-0.20611
7946,131,0,0,0,131,0,-0.01437,0.03353,9.97526,-0.61832,-0.38168,-0.16031
8067,131,0,0,0,131,0,-0.04551,0.04311,9.96328,-0.74809,-0.24427,-0.29771
8187,131,0,0,0,131,0,-0.07185,0.00719,9.95131,-0.65649,-0.45802,-0.66412
8308,131,0,0,0,131,0,-0.04072,0.00240,9.96328,-0.75573,-0.35115,-0.52672
8429,131,0,0,0,131,0,-0.04790,0.05269,9.96807,-0.69466,-0.39695,-0.43511
8549,131,0,0,0,131,0,-0.02635,0.04072,9.98005,-0.74809,-0.45038,-0.14504
8670,131,0,0,0,131,0,-0.02635,0.03114,9.96089,-0.74046,-0.32824,-0.09924
8790,131,0,0,0,131,0,-0.08862,0.04790,9.95610,-0.76336,-0.35115,-0.32061
8911,131,0,0,0,131,0,-0.04072,0.02395,9.96089,-0.66412,-0.48855,-0.25191
9031,131,0,0,0,131,0,-0.03353,0.02874,9.97526,-0.72519,-0.26718,-0.22137
9152,131,0,0,0,131,0,-0.06467,0.04551,9.96807,-0.61832,-0.31298,-0.50382
9272,131,0,0,0,131,0,0.01677,0.04790,9.95849,-0.72519,-0.40458,-0.29008
9393,131,0,0,0,131,0,-0.06227,0.04790,9.97286,-0.77863,-0.35115,-0.14504
9513,131,0,0,0,131,0,-0.11017,0.04790,9.96328,-0.64122,-0.24427,-0.29771
9634,131,0,0,0,131,0,-0.05748,0.06227,9.96328,-0.64122,-0.32061,-0.42748
9754,131,0,0,0,131,0,-0.01437,0.05509,9.95131,-0.73282,-0.50382,-0.22901
9875,131,0,0,0,131,0,-0.08143,0.06467,9.94891,-0.65649,-0.54198,-0.30534
9996,131,0,0,0,131,0,-0.02395,0.03353,9.97765,-0.77099,-0.28244,-0.23664
10116,131,0,0,0,131,0,-0.00479,0.04551,9.97526,-0.74046,-0.38931,-0.29008
10237,131,0,0,0,131,0,-0.06706,0.03353,9.96089,-0.68702,-0.38168,-0.56489
10357,131,0,0,0,131,0,-0.00479,0.03353,9.98963,-0.77863,-0.27481,-0.43511
10478,131,0,0,0,131,0,-0.01916,0.05030,9.95131,-0.66412,-0.27481,-0.22137
10598,131,0,0,0,131,0,-0.06946,0.05748,9.97286,-0.82443,-0.37405,-0.31298
10719,131,0,0,0,131,0,-0.06467,0.02874,9.95610,-0.74809,-0.35115,-0.53435
10839,131,0,0,0,131,0,0.00240,0.02874,9.95610,-0.63359,-0.32061,-0.37405
10960,131,0,0,0,131,0,-0.11017,0.01437,9.96568,-0.63359,-0.44275,-0.33588
11080,131,0,0,0,131,0,-0.04311,-0.00958,9.95370,-0.62595,-0.34351,-0.49618
11201,131,0,0,0,131,0,-0.03114,0.00240,9.96807,-0.61069,-0.25954,-0.45802
11322,131,0,0,0,131,0,-0.06467,0.01916,9.96328,-0.69466,-0.26718,-0.25191
11442,131,0,0,0,131,0,-0.08143,0.03353,9.96807,-0.73282,-0.30534,-0.34351
11563,131,0,0,0,131,0,-0.01198,0.03114,9.97286,-0.71756,-0.22137,-0.41985
11683,131,0,0,0,131,0,-0.07185,0.02874,9.96807,-0.67939,-0.31298,-0.19847
11804,131,0,0,0,131,0,-0.06706,0.03593,9.96328,-0.61069,-0.32061,-0.41221
11924,131,0,0,0,131,0,-0.03114,0.02395,9.94891,-0.66412,-0.32061,-0.48855
12045,131,0,0,0,131,0,-0.06706,0.05748,9.93454,-0.67176,-0.25191,-0.36641
12165,131,0,0,0,131,0,-0.05269,0.02635,9.93215,-0.56489,-0.25954,-0.38168
12286,131,0,0,0,131,0,-0.01916,0.00479,9.96089,-0.70992,-0.45038,-0.35878
12406,131,0,0,0,131,0,-0.09580,0.01677,9.94652,-0.72519,-0.33588,-0.38931
12527,131,0,0,0,131,0,-0.03593,0.04790,9.93933,-0.61832,-0.29771,-0.37405
12647,131,0,0,0,131,0,-0.02874,0.03593,9.95131,-0.51145,-0.48092,-0.53435
12768,131,0,0,0,131,0,-0.04790,0.01198,9.94173,-0.74809,-0.25191,-0.22137
12889,131,0,0,0,131,0,-0.06467,-0.00479,9.96328,-0.65649,-0.33588,-0.33588
13009,131,0,0,0,131,0,-0.02395,0.05269,9.97765,-0.63359,-0.36641,-0.39695
13130,131,0,0,0,131,0,-0.04311,0.04311,9.96089,-0.70992,-0.40458,-0.27481
13250,131,0,0,0,131,0,-0.03832,0.04072,9.95849,-0.67176,-0.31298,-0.35115
13371,131,0,0,0,131,0,-0.06227,0.01198,9.93933,-0.55725,-0.35878,-0.30534
13491,131,0,0,0,131,0,-0.03114,0.04072,9.93694,-0.75573,-0.33588,-0.34351
13612,131,0,0,0,131,0,-0.06227,0.06706,9.97047,-0.59542,-0.30534,-0.29008
13732,131,0,0,0,131,0,-0.04551,0.02635,9.97047,-0.76336,-0.45802,-0.45038
13853,131,0,0,0,131,0,-0.01437,0.02635,9.96807,-0.67939,-0.22901,-0.29771
13973,131,0,0,0,131,0,-0.10778,0.01437,9.93215,-0.67939,-0.41985,-0.32061
14094,131,0,0,0,131,0,0.00240,0.04072,9.96568,-0.74046,-0.27481,-0.56489
14214,131,0,0,0,131,0,-0.02874,0.07664,9.93933,-0.83969,-0.32061,-0.02290
14335,131,0,0,0,131,0,-0.11975,0.09341,9.96568,-0.69466,-0.19084,-0.06870
14456,131,0,0,0,131,0,-0.06467,0.05748,9.96568,-0.77099,-0.25954,-0.38931
14576,131,0,0,0,131,0,0.02874,0.03593,9.95131,-0.66412,-0.32824,-0.09160
14697,131,0,0,0,131,0,-0.20358,0.01677,9.97286,-0.74046,-0.35115,-0.13740
14817,131,0,0,0,131,0,-0.06946,-0.00719,9.97047,-0.56489,-0.27481,-0.58779
14938,131,0,0,0,131,0,0.00958,-0.00958,9.94891,-0.70229,-0.41221,-0.29771
15058,131,0,0,0,131,0,-0.11975,0.06467,9.97765,-0.66412,-0.54198,-0.22137
15179,131,0,0,0,131,0,-0.04311,0.07185,9.96328,-0.60305,-0.40458,-0.49618
15299,131,0,0,0,131,0,0.03593,0.02635,9.95849,-0.65649,-0.28244,-0.23664
15420,131,0,0,0,131,0,-0.15328,0.02395,9.96568,-0.65649,-0.22901,-0.27481
15540,131,0,0,0,131,0,0.00479,0.06467,9.97765,-0.71756,-0.42748,-0.56489
15661,131,0,0,0,131,0,-0.01916,0.03832,9.97526,-0.59542,-0.52672,-0.19847
15782,131,0,0,0,131,0,-0.13652,0.07904,9.95131,-0.80153,-0.46565,-0.41221
15902,131,0,0,0,131,0,0.00479,0.03832,9.97286,-0.65649,-0.37405,-0.60305
16023,131,0,0,0,131,0,-0.01677,0.06946,9.96807,-0.70229,-0.19847,-0.13740
16143,131,0,0,0,131,0,-0.12215,0.07425,9.96807,-0.58779,-0.29008,-0.38168
16264,131,0,0,0,131,0,-0.03353,0.02874,9.95849,-0.80153,-0.40458,-0.37405
16384,131,0,0,0,131,0,-0.01916,0.04311,9.96568,-0.64122,-0.26718,-0.31298
16505,131,0,0,0,131,0,-0.08383,0.03114,9.96328,-0.70992,-0.48092,-0.27481
16625,131,0,0,0,131,0,-0.03114,0.03114,9.95849,-0.83206,-0.45038,-0.54198
16746,131,0,0,0,131,0,-0.07185,0.03593,9.96807,-0.68702,-0.46565,-0.27481
16866,131,0,0,0,131,0,-0.07904,0.02635,9.97765,-0.70229,-0.36641,-0.51145
16987,131,0,0,0,131,0,-0.03114,0.05030,9.96328,-0.76336,-0.29771,-0.35115
17107,131,0,0,0,131,0,-0.07904,0.01677,9.97047,-0.70992,-0.35115,-0.38931
17228,131,0,0,0,131,0,-0.09101,0.04311,9.94412,-0.58015,-0.31298,-0.47328
17349,131,0,0,0,131,0,-0.05269,0.03114,9.96328,-0.63359,-0.42748,-0.33588
17469,131,0,0,0,131,0,-0.05748,0.05509,9.92975,-0.74046,-0.35878,-0.29771
17590,131,0,0,0,131,0,-0.08862,0.05030,9.92975,-0.67176,-0.23664,-0.37405
17710,131,0,0,0,131,0,-0.02874,0.05269,9.97526,-0.59542,-0.35878,-0.48855
17831,131,0,0,0,131,0,-0.05988,0.03114,9.94652,-0.77099,-0.38168,-0.37405
17951,131,0,0,0,131,0,-0.07904,0.02395,9.94173,-0.64122,-0.36641,-0.36641
18072,131,0,0,0,131,0,-0.03114,0.05269,9.97286,-0.69466,-0.38168,-0.47328
18192,131,0,0,0,131,0,-0.07185,0.06946,9.96328,-0.84733,-0.41985,-0.27481
18313,131,0,0,0,131,0,-0.08143,0.04072,9.95370,-0.77099,-0.47328,-0.48092
18433,131,0,0,0,131,0,0.00719,0.01677,9.97526,-0.75573,-0.29771,-0.37405
18554,131,0,0,0,131,0,-0.04311,0.03353,9.97526,-0.74046,-0.35878,-0.23664
18674,131,0,0,0,131,0,-0.07185,0.08143,9.95131,-0.65649,-0.22137,-0.43511
18795,131,0,0,0,131,0,-0.02635,0.04072,9.95131,-0.67939,-0.38168,-0.34351
18916,131,0,0,0,131,0,-0.07664,-0.00479,9.95131,-0.73282,-0.46565,-0.32824
19036,131,0,0,0,131,0,-0.07425,0.02635,9.96568,-0.78626,-0.35878,-0.26718
19157,131,0,0,0,131,0,-0.04311,0.06706,9.96089,-0.69466,-0.35878,-0.32061
19277,131,0,0,0,131,0,-0.07425,0.01198,9.96089,-0.70992,-0.30534,-0.34351
19398,131,0,0,0,131,0,-0.07904,0.04790,9.95131,-0.62595,-0.40458,-0.22137
19518,131,0,0,0,131,0,-0.00479,0.02635,9.97765,-0.72519,-0.30534,-0.32061
19639,131,0,0,0,131,0,-0.06227,0.05509,9.95610,-0.62595,-0.54962,-0.33588
19759,131,0,0,0,131,0,-0.14849,0.02156,9.96089,-0.74046,-0.30534,-0.54962
19880,131,0,0,0,131,0,0.07425,0.06946,9.98244,-0.66412,-0.19847,-0.40458
20000,131,0,0,0,131,0,-0.15328,0.03593,9.97047,-0.72519,-0.50382,-0.38931
20121,131,0,0,0,131,0,-0.11257,-0.04311,9.96807,-0.78626,-0.32061,-0.67939
20241,131,0,0,0,131,0,0.02635,-0.00719,9.96568,-0.80916,-0.18321,-0.33588
20362,131,0,0,0,131,0,-0.16765,0.06467,9.96568,-0.70229,-0.35878,-0.22137
20483,131,0,0,0,131,0,0.00958,0.09580,9.93694,-0.68702,-0.28244,-0.45802
20603,131,0,0,0,131,0,0.02395,0.07664,9.97765,-0.70992,-0.56489,-0.17557
20724,131,0,0,0,131,0,-0.20837,0.05748,9.97526,-0.67176,-0.24427,-0.43511
20844,131,0,0,0,131,0,0.01916,0.07185,9.95849,-0.74046,-0.39695,-0.50382
20965,131,0,0,0,131,0,-0.08622,0.06227,9.97286,-0.61832,-0.39695,-0.20611
21085,131,0,0,0,131,0,-0.15089,-0.00958,9.95370,-0.69466,-0.30534,-0.70229
21206,131,0,0,0,131,0,0.05748,-0.04311,9.95610,-0.73282,-0.29771,-0.45802
21326,131,0,0,0,131,0,-0.10538,0.03832,9.97765,-0.62595,-0.42748,-0.09160
21447,131,0,0,0,131,0,-0.13412,0.08622,9.95849,-0.73282,-0.30534,-0.56489
21567,131,0,0,0,131,0,0.07185,0.08383,9.97286,-0.59542,-0.33588,-0.32824
21688,131,0,0,0,131,0,-0.14849,0.02635,9.93215,-0.72519,-0.42748,-0.03053
21809,131,0,0,0,131,0,-0.13652,0.05030,9.99442,-0.55725,-0.57252,-0.77863
21929,131,0,0,0,131,0,0.13652,0.04551,9.96328,-0.70992,-0.36641,-0.64885
22050,131,0,0,0,131,0,-0.05269,0.03593,9.95610,-0.70229,-0.29771,-0.10687
22170,131,0,0,0,131,0,-0.20837,-0.01198,9.93933,-0.62595,-0.30534,-0.70992
22291,131,0,0,0,131,0,0.11257,0.07664,9.95370,-0.68702,-0.34351,-0.55725
22411,131,0,0,0,131,0,-0.08143,0.04311,9.95370,-0.70229,-0.30534,-0.02290
22532,131,0,0,0,131,0,-0.17723,-0.00479,9.94412,-0.60305,-0.22901,-0.54198
22652,131,0,0,0,131,0,0.08862,0.02635,9.96089,-0.72519,-0.46565,-0.16031
22773,131,0,0,0,131,0,-0.06946,0.03832,9.92975,-0.62595,-0.32061,0.00763
22893,131,0,0,0,131,0,-0.16526,0.02395,9.96089,-0.83206,-0.37405,-0.62595
23014,131,0,0,0,131,0,0.05509,0.02635,9.96807,-0.54198,-0.45802,-0.53435
23134,131,0,0,0,131,0,-0.08143,0.03832,9.95849,-0.80916,-0.19847,-0.19847
23255,131,0,0,0,131,0,-0.10778,0.01916,9.96328,-0.60305,-0.25954,-0.51908
23376,131,0,0,0,131,0,0.04072,0.05509,9.96807,-0.73282,-0.35115,-0.46565
23496,131,0,0,0,131,0,-0.08622,0.03353,9.96328,-0.62595,-0.47328,-0.16794
23617,131,0,0,0,131,0,-0.11496,0.04072,9.98005,-0.76336,-0.32061,-0.58015
23737,131,0,0,0,131,0,0.04311,0.01677,9.94891,-0.64122,-0.23664,-0.44275
23858,131,0,0,0,131,0,-0.03832,0.01677,9.97286,-0.67939,-0.38168,-0.09160
23978,131,0,0,0,131,0,-0.09341,0.03353,9.96568,-0.74046,-0.31298,-0.48855
24099,131,0,0,0,131,0,-0.00719,0.04311,9.96568,-0.72519,-0.34351,-0.33588
24219,131,0,0,0,131,0,-0.04790,0.03114,9.97286,-0.63359,-0.35115,-0.00763
24340,131,0,0,0,131,0,-0.09101,0.04072,9.95131,-0.78626,-0.36641,-0.30534
24460,131,0,0,0,131,0,-0.01437,0.06227,9.97047,-0.73282,-0.42748,-0.38931
24581,131,0,0,0,131,0,-0.06467,0.04311,9.98244,-0.52672,-0.32824,-0.36641
24701,131,0,0,0,131,0,-0.08383,0.05509,9.95849,-0.63359,-0.35115,-0.41985
24822,131,0,0,0,131,0,-0.00958,0.01677,9.95370,-0.74046,-0.43511,-0.38168
24943,131,0,0,0,131,0,-0.04072,0.04072,9.94891,-0.69466,-0.36641,-0.19084
25063,131,0,0,0,131,0,-0.08143,-0.00719,9.96568,-0.72519,-0.34351,-0.43511
25184,131,0,0,0,131,0,-0.02874,0.03832,9.98244,-0.70992,-0.35878,-0.35878
25304,131,0,0,0,131,0,-0.05030,0.04790,9.97047,-0.73282,-0.21374,-0.16031
25425,131,0,0,0,131,0,-0.07664,0.03353,9.98005,-0.74809,-0.27481,-0.44275
25545,131,0,0,0,131,0,-0.02156,0.05748,9.97047,-0.70992,-0.41221,-0.35878
25666,131,0,0,0,131,0,-0.06946,0.04072,9.98484,-0.69466,-0.31298,-0.16794
25786,131,0,0,0,131,0,-0.05269,0.06467,9.96089,-0.66412,-0.32824,-0.28244
25907,131,0,0,0,131,0,-0.01437,0.04072,9.95849,-0.75573,-0.18321,-0.30534
26027,131,0,0,0,131,0,-0.03114,0.01677,9.94173,-0.64885,-0.37405,-0.33588
26148,131,0,0,0,131,0,-0.09820,0.03593,9.96568,-0.71756,-0.37405,-0.46565
26269,131,0,0,0,131,0,-0.03593,-0.01198,9.97047,-0.71756,-0.45802,-0.40458
26389,131,0,0,0,131,0,-0.06946,0.04072,9.94652,-0.76336,-0.45038,-0.29008
26510,131,0,0,0,131,0,-0.07664,0.02395,9.96328,-0.66412,-0.35115,-0.39695
26630,131,0,0,0,131,0,-0.06467,0.01198,9.97765,-0.64122,-0.23664,-0.51145
26751,131,0,0,0,131,0,-0.00958,0.03114,9.97765,-0.75573,-0.35115,-0.16031
26871,131,0,0,0,131,0,-0.05030,0.00000,9.97047,-0.54198,-0.38931,-0.48092
26992,131,0,0,0,131,0,-0.02635,0.01916,9.96328,-0.67939,-0.19084,-0.42748
27112,131,0,0,0,131,0,-0.03353,0.00479,9.95131,-0.64885,-0.19847,-0.32061
27233,131,0,0,0,131,0,-0.05988,-0.00719,9.96328,-0.67176,-0.35115,-0.27481
27353,131,0,0,0,131,0,-0.04790,0.04311,9.93933,-0.72519,-0.48855,-0.35878
27474,131,0,0,0,131,0,-0.01198,0.01198,9.94412,-0.68702,-0.41221,-0.27481
27594,131,0,0,0,131,0,-0.05748,0.04072,9.95849,-0.63359,-0.37405,-0.28244
27715,131,0,0,0,131,0,-0.04311,0.03832,9.97047,-0.72519,-0.23664,-0.33588
27836,131,0,0,0,131,0,-0.02156,0.05030,9.96328,-0.66412,-0.32061,-0.35878
27956,131,0,0,0,131,0,-0.05748,0.02395,9.98244,-0.51145,-0.41221,-0.32061
28077,131,0,0,0,131,0,-0.03114,0.04551,9.95370,-0.72519,-0.17557,-0.25191
28197,131,0,0,0,131,0,-0.02635,0.01198,9.95131,-0.77863,-0.30534,-0.32824
28318,131,0,0,0,131,0,-0.03832,0.02874,9.96089,-0.70229,-0.29771,-0.27481
28438,131,0,0,0,131,0,-0.07185,0.07185,9.92975,-0.64885,-0.26718,-0.24427
28559,131,0,0,0,131,0,-0.03593,0.06946,9.96089,-0.79389,-0.31298,-0.12977
28679,131,0,0,0,131,0,-0.02395,0.01437,9.95849,-0.58779,-0.33588,-0.28244
28800,131,0,0,0,131,0,-0.05269,0.02395,9.98484,-0.59542,-0.40458,-0.32061
28920,131,0,0,0,131,0,-0.06227,0.03832,9.94891,-0.76336,-0.36641,-0.41985
29041,131,0,0,0,131,0,-0.02156,0.00719,9.98005,-0.67939,-0.36641,-0.43511
29161,131,0,0,0,131,0,-0.04551,0.03593,9.97765,-0.67176,-0.41221,-0.19847
29282,131,0,0,0,131,0,-0.04072,0.07185,9.95610,-0.63359,-0.35115,-0.23664
29403,131,0,0,0,131,0,-0.07664,0.04311,9.95610,-0.68702,-0.60305,-0.28244
29523,131,0,0,0,131,0,-0.02874,0.01916,9.94652,-0.67176,-0.41221,-0.38168
29644,131,0,0,0,131,0,-0.03832,0.04790,9.96089,-0.67176,-0.29771,-0.44275
29764,131,0,0,0,131,0,-0.03832,0.02874,9.98005,-0.74046,-0.42748,-0.45802
29885,131,0,0,0,131,0,-0.07904,0.03353,9.96807,-0.67176,-0.44275,-0.29008
30005,131,0,0,0,131,0,-0.04790,0.06227,9.94652,-0.67176,-0.32061,-0.32061
30126,131,0,0,0,131,0,-0.05748,0.01437,9.98005,-0.64122,-0.38931,-0.35115
30246,131,0,0,0,131,0,-0.02635,0.05030,9.96089,-0.77863,-0.22901,-0.32061
30367,131,0,0,0,131,0,-0.07425,0.05509,9.98244,-0.46565,-0.37405,-0.38931
30487,131,0,0,0,131,0,-0.04072,0.03593,9.95131,-0.68702,-0.45038,-0.55725
30608,131,0,0,0,131,0,-0.03832,0.06946,9.95849,-0.67176,-0.45038,-0.45802
30728,131,0,0,0,131,0,-0.12694,0.07904,9.99921,-0.57252,-0.27481,-0.39695
30849,131,0,0,0,131,0,-0.04311,0.02874,9.96568,-0.73282,-0.49618,-0.61832
30970,131,0,0,0,131,0,0.00240,0.02395,9.96568,-0.74809,-0.21374,-0.41221
31090,131,0,0,0,131,0,-0.10059,0.01677,9.93933,-0.59542,-0.27481,-0.27481
31211,131,0,0,0,131,0,-0.06227,0.04551,9.96089,-0.70992,-0.38931,-0.58015
31331,131,0,0,0,131,0,0.03593,0.06706,9.93215,-0.61832,-0.42748,-0.35878
31452,131,0,0,0,131,0,-0.05988,0.04072,9.96089,-0.74046,-0.42748,-0.26718
31572,131,0,0,0,131,0,-0.06706,0.03593,9.96328,-0.67939,-0.35115,-0.48092
31693,131,0,0,0,131,0,-0.01198,0.03593,9.97286,-0.67939,-0.19847,-0.38168
31813,131,0,0,0,131,0,-0.07904,0.04551,9.97765,-0.73282,-0.42748,-0.22137
31934,131,0,0,0,131,0,-0.08622,0.02635,9.94412,-0.69466,-0.37405,-0.34351
32054,131,0,0,0,131,0,0.00958,0.04072,9.96089,-0.68702,-0.41985,-0.38931
32175,131,0,0,0,131,0,-0.06467,0.05509,9.96089,-0.75573,-0.30534,-0.21374
32296,131,0,0,0,131,0,-0.06706,0.02874,9.98005,-0.58015,-0.20611,-0.45038
32416,131,0,0,0,131,0,-0.02156,0.03353,9.94891,-0.77863,-0.30534,-0.26718
32537,131,0,0,0,131,0,-0.00719,0.05988,9.95610,-0.60305,-0.39695,-0.29008
32657,131,0,0,0,131,0,-0.08862,0.02874,9.96328,-0.67939,-0.42748,-0.15267
32778,131,0,0,0,131,0,-0.04790,0.02874,9.94891,-0.70992,-0.30534,-0.37405
32898,131,0,0,0,131,0,-0.02635,0.01916,9.97047,-0.75573,-0.29771,-0.24427
33019,131,0,0,0,131,0,-0.04790,0.01198,9.95849,-0.73282,-0.36641,-0.23664
33139,131,0,0,0,131,0,-0.02874,0.05748,9.97286,-0.65649,-0.40458,-0.19084
33260,131,0,0,0,131,0,-0.06946,0.01677,9.95610,-0.78626,-0.25191,-0.25954
33380,131,0,0,0,131,0,-0.05269,0.05269,9.97286,-0.74809,-0.48855,-0.25954
33501,131,0,0,0,131,0,-0.04072,0.03593,9.94891,-0.77099,-0.33588,-0.35878
33621,131,0,0,0,131,0,-0.04072,0.02874,9.97047,-0.75573,-0.34351,-0.33588
33742,131,0,0,0,131,0,-0.08622,0.04072,9.98005,-0.74809,-0.16794,-0.38168
33863,131,0,0,0,131,0,-0.04311,0.04072,9.96807,-0.74046,-0.38931,-0.28244
33983,131,0,0,0,131,0,-0.04311,0.01677,9.94652,-0.87023,-0.32824,-0.32061
34104,131,0,0,0,131,0,-0.04072,0.05269,9.96328,-0.59542,-0.58015,-0.24427
34224,131,0,0,0,131,0,-0.04311,0.03593,9.94412,-0.60305,-0.46565,-0.41221
34345,131,0,0,0,131,0,-0.04072,0.04072,9.98723,-0.72519,-0.46565,-0.23664
34465,131,0,0,0,131,0,-0.05748,0.02395,9.97286,-0.72519,-0.38168,-0.32824
34586,131,0,0,0,131,0,-0.02874,0.00958,9.97765,-0.70992,-0.38931,-0.28244
34706,131,0,0,0,131,0,-0.02635,0.03832,9.96089,-0.61069,-0.29771,-0.23664
34827,131,0,0,0,131,0,-0.09820,0.03114,9.97047,-0.67939,-0.35115,-0.44275
34947,131,0,0,0,131,0,-0.01437,0.02874,9.95849,-0.61069,-0.40458,-0.40458
35068,131,0,0,0,131,0,0.00479,0.03593,9.96089,-0.70229,-0.32061,-0.41985
35188,131,0,0,0,131,0,-0.04790,0.00000,9.94652,-0.64122,-0.33588,-0.37405
35309,131,0,0,0,131,0,-0.01677,0.03832,9.95610,-0.68702,-0.40458,-0.34351
35430,131,0,0,0,131,0,-0.02395,0.04551,9.98723,-0.62595,-0.38931,-0.36641
35550,131,0,0,0,131,0,-0.06706,0.04072,9.97526,-0.77099,-0.46565,-0.43511
35671,131,0,0,0,131,0,-0.05988,0.03353,9.95849,-0.70229,-0.26718,-0.24427
35791,131,0,0,0,131,0,-0.04072,0.02395,9.95849,-0.70992,-0.29008,-0.35878
35912,131,0,0,0,131,0,-0.09341,0.03593,9.95849,-0.69466,-0.30534,-0.27481
36032,131,0,0,0,131,0,-0.08862,0.04790,9.93454,-0.68702,-0.38168,-0.48855
36153,131,0,0,0,131,0,-0.02395,0.04072,9.97047,-0.68702,-0.30534,-0.32824
36273,131,0,0,0,131,0,-0.07425,0.03832,9.96328,-0.71756,-0.37405,-0.22137
36394,131,0,0,0,131,0,-0.02874,0.08143,9.97047,-0.67939,-0.37405,-0.63359
36514,131,0,0,0,131,0,0.03353,0.09341,9.96089,-0.67176,-0.25191,-0.32824
36635,131,0,0,0,131,0,-0.08143,0.12454,9.95610,-0.69466,-0.41221,-0.09924
36756,131,0,0,0,131,0,-0.16047,0.00000,9.95849,-0.73282,-0.51145,-0.25954
36876,131,0,0,0,131,0,-0.00719,0.00240,9.98005,-0.75573,-0.41985,-0.42748
36997,131,0,0,0,131,0,-0.02635,0.10059,9.97765,-0.64885,-0.40458,-0.10687
37117,131,0,0,0,131,0,-0.16286,0.11017,9.94652,-0.67939,-0.37405,-0.54962
37238,131,0,0,0,131,0,0.04311,0.01198,9.98005,-0.64885,-0.21374,-0.68702
37358,131,0,0,0,131,0,-0.08862,0.02635,9.95610,-0.61832,-0.31298,-0.37405
37479,131,0,0,0,131,0,-0.16047,-0.01677,9.97526,-0.56489,-0.38931,-0.76336
37599,131,0,0,0,131,0,0.07664,-0.05509,9.93215,-0.83206,-0.19084,-0.77863
37720,131,0,0,0,131,0,-0.08383,-0.03114,9.97047,-0.53435,-0.22901,-0.15267
37840,131,0,0,0,131,0,-0.11736,0.23232,9.96089,-0.68702,-0.34351,-0.16031
37961,131,0,0,0,131,0,-0.00240,0.18442,9.95370,-0.58779,-0.29008,-0.17557
38081,131,0,0,0,131,0,-0.03593,-0.06706,9.97286,-0.67939,-0.41221,0.01527
38202,131,0,0,0,131,0,-0.13412,-0.01916,9.93454,-0.67176,-0.41221,-0.48092
38323,131,0,0,0,131,0,-0.04311,0.19400,9.96568,-0.54198,-0.26718,-0.41985
38443,131,0,0,0,131,0,-0.01916,0.18442,9.96328,-0.76336,-0.37405,-0.40458
38564,131,0,0,0,131,0,-0.07425,0.00240,9.95849,-0.67939,-0.16794,-0.24427
38684,131,0,0,0,131,0,-0.06467,-0.01677,9.96568,-0.70229,-0.14504,-0.47328
38805,131,0,0,0,131,0,-0.05988,0.11257,9.96089,-0.66412,-0.35878,-0.43511
38925,131,0,0,0,131,0,-0.07425,0.11736,9.97286,-0.75573,-0.35115,-0.51908
39046,131,0,0,0,131,0,-0.07664,-0.03832,9.97526,-0.77099,-0.30534,-0.70229
39166,131,0,0,0,131,0,0.00000,-0.04790,9.94891,-0.64122,-0.29008,-0.60305
39287,131,0,0,0,131,0,-0.07185,0.03114,9.96568,-0.80153,-0.39695,-0.46565
39407,131,0,0,0,131,0,0.03114,0.07185,10.00639,-0.63359,-0.42748,-0.16031
39528,131,0,0,0,131,0,-0.14370,-0.02635,10.01837,-0.68702,-0.36641,-0.34351
39648,131,0,0,0,131,0,0.00000,-0.06706,9.96807,-0.86260,-0.35115,-0.45038
39769,131,0,0,0,131,0,0.01916,0.03114,9.99202,-0.75573,-0.29008,-0.35115
39890,131,0,0,0,131,0,-0.01677,0.07185,9.94173,-0.67176,-0.27481,-0.35115
40010,131,0,0,0,131,0,-0.04311,0.00958,9.95370,-0.63359,-0.39695,-0.37405
40131,131,0,0,0,131,0,0.00000,-0.03353,9.93215,-0.53435,-0.40458,-0.09924
40251,131,0,0,0,131,0,-0.05269,0.01437,9.98005,-0.67939,-0.33588,-0.06870
40372,131,0,0,0,131,0,-0.07185,0.05030,9.98484,-0.71756,-0.38168,-0.40458
40492,131,0,0,0,131,0,0.00958,0.03832,9.97047,-0.59542,-0.37405,-0.41221
40613,131,0,0,0,131,0,-0.08383,-0.04790,9.96328,-0.75573,-0.40458,-0.32824
40733,131,0,0,0,131,0,-0.05030,-0.03353,9.94891,-0.71756,-0.35878,-0.38931
40854,131,0,0,0,131,0,0.00958,0.06946,9.98244,-0.82443,-0.27481,-0.19847
40974,131,0,0,0,131,0,-0.05030,0.03832,9.91778,-0.60305,-0.30534,-0.14504
41095,131,0,0,0,131,0,-0.02395,0.04551,10.00400,-0.77863,-0.31298,-0.30534
41215,131,0,0,0,131,0,-0.01916,0.02156,9.97765,-0.70992,-0.48092,-0.26718
41336,131,0,0,0,131,0,-0.08862,0.07664,9.96568,-0.69466,-0.35115,-0.04580
41457,131,0,0,0,131,0,-0.07425,0.06946,9.94173,-0.80916,-0.29771,-0.45038
41577,131,0,0,0,131,0,-0.06467,0.03353,9.97526,-0.61069,-0.22137,-0.29008
41698,131,0,0,0,131,0,-0.05269,0.00719,9.96089,-0.64122,-0.39695,-0.29008
41818,131,0,0,0,131,0,-0.08383,0.10059,9.94891,-0.78626,-0.37405,-0.28244
41939,131,0,0,0,131,0,-0.06467,0.05748,10.00639,-0.64885,-0.35115,-0.28244
42059,131,0,0,0,131,0,-0.01437,0.02635,9.93454,-0.68702,-0.38931,-0.31298
42180,131,0,0,0,131,0,-0.08862,0.00479,9.96568,-0.66412,-0.31298,-0.41985
42300,131,0,0,0,131,0,-0.02635,0.01916,9.94891,-0.58779,-0.21374,-0.36641
42421,131,0,0,0,131,0,-0.03353,0.00240,9.96807,-0.65649,-0.34351,-0.46565
42541,131,0,0,0,131,0,-0.02156,0.04311,9.98484,-0.61832,-0.44275,-0.41221
42662,131,0,0,0,131,0,-0.09341,0.03114,9.97526,-0.78626,-0.46565,-0.40458
42783,131,0,0,0,131,0,-0.00958,0.01198,9.91299,-0.72519,-0.43511,-0.51145
42903,131,0,0,0,131,0,-0.03593,0.07664,9.98005,-0.67176,-0.38931,-0.24427
43024,131,0,0,0,131,0,-0.07664,-0.02156,9.96568,-0.72519,-0.39695,-0.45802
43144,131,0,0,0,131,0,-0.03353,0.00000,9.95610,-0.65649,-0.42748,-0.41221
43265,131,0,0,0,131,0,-0.05509,0.00000,9.93933,-0.66412,-0.36641,-0.41221
43385,131,0,0,0,131,0,-0.09101,0.04311,9.95370,-0.70229,-0.25954,-0.32061
43506,131,0,0,0,131,0,-0.04072,0.06706,9.93694,-0.66412,-0.39695,-0.51908
43626,131,0,0,0,131,0,0.00000,0.03114,9.94891,-0.73282,-0.44275,-0.31298
43747,131,0,0,0,131,0,-0.07664,-0.02395,9.98484,-0.80916,-0.43511,-0.32824
43867,131,0,0,0,131,0,-0.04790,0.04551,9.96807,-0.75573,-0.30534,-0.54962
43988,131,0,0,0,131,0,-0.03832,0.05988,9.94173,-0.78626,-0.33588,-0.36641
44108,131,0,0,0,131,0,-0.09580,0.00240,9.99921,-0.70229,-0.41221,-0.51908
44229,131,0,0,0,131,0,-0.03593,-0.05509,9.96568,-0.70992,-0.38931,-0.17557
44350,131,0,0,0,131,0,-0.06227,0.06706,9.92975,-0.67939,-0.21374,-0.20611
44470,131,0,0,0,131,0,-0.04311,0.13891,9.98005,-0.65649,-0.25954,-0.21374
44591,131,0,0,0,131,0,-0.04311,0.09580,9.96089,-0.63359,-0.37405,-0.23664
44711,131,0,0,0,131,0,-0.05269,-0.00479,9.95131,-0.62595,-0.39695,-0.26718
44832,131,0,0,0,131,0,-0.07904,0.04311,9.95610,-0.47328,-0.29008,-0.43511
44952,131,0,0,0,131,0,-0.02156,0.11975,9.96807,-0.69466,-0.22901,-0.51908
45073,131,0,0,0,131,0,-0.06467,0.04790,9.96807,-0.74809,-0.30534,-0.52672
45193,131,0,0,0,131,0,-0.03593,0.00000,9.94891,-0.59542,-0.60305,-0.40458
45314,131,0,0,0,131,0,-0.01437,0.07904,9.95849,-0.76336,-0.25191,-0.45038
45434,131,0,0,0,131,0,-0.05988,0.10538,9.95849,-0.63359,-0.31298,-0.39695
45555,131,0,0,0,131,0,-0.07904,0.07904,9.96568,-0.59542,-0.40458,-0.45802
45675,131,0,0,0,131,0,-0.04311,0.01677,9.94412,-0.68702,-0.24427,-0.48855
45796,131,0,0,0,131,0,-0.05269,0.01437,9.96089,-0.68702,-0.35878,-0.36641
45917,131,0,0,0,131,0,-0.05748,0.09341,9.98723,-0.80916,-0.25191,-0.42748
46037,131,0,0,0,131,0,-0.04551,0.09101,9.99442,-0.70992,-0.35878,-0.48092
46158,131,0,0,0,131,0,-0.02874,0.04072,9.96568,-0.67176,-0.33588,-0.41221
46278,131,0,0,0,131,0,-0.03832,0.04790,9.99921,-0.74809,-0.32824,-0.45802
46399,131,0,0,0,131,0,-0.09580,0.05988,9.92975,-0.61832,-0.27481,-0.44275
46519,131,0,0,0,131,0,-0.08143,0.08383,9.94891,-0.62595,-0.23664,-0.59542
46640,131,0,0,0,131,0,-0.02635,0.08383,9.94891,-0.68702,-0.38168,-0.39695
46760,131,0,0,0,131,0,-0.15089,0.06467,9.94412,-0.80916,-0.40458,-0.50382
46881,131,0,0,0,131,0,0.02156,0.11975,9.98005,-0.84733,-0.15267,-0.59542
47001,131,0,0,0,131,0,-0.09580,-0.03114,9.97526,-0.73282,-0.22137,-0.25191
47122,131,0,0,0,131,0,-0.08383,-0.11017,9.96089,-0.67176,-0.45802,-0.77099
47243,131,0,0,0,131,0,-0.09101,-0.05748,9.99202,-0.61069,-0.41221,-0.58779
47363,131,0,0,0,131,0,-0.03353,0.03353,9.92017,-0.75573,-0.36641,-0.68702
47484,131,0,0,0,131,0,-0.09580,0.00719,9.95131,-0.67939,-0.35878,-0.49618
47604,131,0,0,0,131,0,-0.03114,0.04311,9.95610,-0.73282,-0.49618,-0.51908
47725,131,0,0,0,131,0,0.06706,0.12215,9.94891,-0.69466,-0.35878,-0.09924
47845,131,0,0,0,131,0,-0.10778,0.09580,9.95131,-0.56489,-0.23664,0.02290
47966,131,0,0,0,131,0,-0.04551,0.07185,9.94652,-0.73282,-0.32824,-0.13740
48086,131,0,0,0,131,0,-0.05269,0.01677,9.95370,-0.70992,-0.54198,0.03053
48207,131,0,0,0,131,0,0.01677,0.04072,9.97047,-0.66412,-0.25191,-0.19847
48327,131,0,0,0,131,0,-0.08143,0.08622,9.96089,-0.52672,-0.36641,0.00763
48448,131,0,0,0,131,0,-0.11017,0.02874,9.95370,-0.60305,-0.44275,-0.62595
48568,131,0,0,0,131,0,0.07664,0.01437,9.97526,-0.74046,-0.27481,-0.19847
48689,131,0,0,0,131,0,-0.11017,-0.03593,9.95370,-0.70229,-0.35878,-0.44275
48810,131,0,0,0,131,0,-0.03593,0.08862,9.95131,-0.70992,-0.23664,-0.57252
48930,131,0,0,0,131,0,-0.01677,0.05030,9.95370,-0.73282,-0.45038,-0.39695
49051,131,0,0,0,131,0,-0.04311,-0.04311,9.95131,-0.71756,-0.34351,-0.31298
49171,131,0,0,0,131,0,-0.08143,-0.04072,9.98723,-0.64885,-0.51908,-0.19084
49292,131,0,0,0,131,0,-0.05269,0.00958,9.94173,-0.68702,-0.39695,-0.42748
49412,131,0,0,0,131,0,-0.03114,0.08862,9.95610,-0.68702,-0.35115,-0.21374
49533,131,0,0,0,131,0,-0.10059,-0.03114,9.96328,-0.59542,-0.51145,-0.38168
49653,131,0,0,0,131,0,-0.06227,-0.07664,9.97765,-0.59542,-0.40458,-0.64122
49774,131,0,0,0,131,0,-0.09101,-0.05509,9.97047,-0.64122,-0.32061,-0.74046
49894,131,0,0,0,131,0,-0.09580,0.13412,9.93694,-0.76336,-0.25954,-0.52672
50015,131,0,0,0,131,0,0.06706,0.17005,9.94173,-0.70992,-0.29771,-0.22901
50135,131,0,0,0,131,0,-0.02874,-0.01198,9.95131,-0.58779,-0.54962,0.10687
50256,131,0,0,0,131,0,-0.08862,-0.08862,9.96568,-0.70992,-0.30534,-0.40458
50377,131,0,0,0,131,0,0.06227,0.10778,9.93933,-0.69466,-0.42748,-0.40458
50497,131,0,0,0,131,0,-0.06227,0.10538,9.97047,-0.80916,-0.06870,-0.30534
50618,131,0,0,0,131,0,-0.25148,-0.10299,10.08064,-0.64122,0.07634,-1.19084
50738,131,0,0,0,131,0,0.16286,0.04551,9.97526,-0.77863,-0.03817,-0.29008
50859,131,0,0,0,131,0,-0.01916,-0.00719,9.97765,-0.62595,-0.36641,0.72519
50979,131,0,0,0,131,0,-0.24669,0.05509,9.97765,-0.75573,-0.37405,-0.21374
51100,131,0,0,0,131,0,0.11975,0.01916,9.94891,-0.78626,-0.36641,0.03817
51220,131,0,0,0,131,0,-0.08143,-0.03353,9.97765,-0.62595,-0.37405,0.13740
51341,131,0,0,0,131,0,-0.12694,0.03593,9.95131,-0.70992,-0.41221,-0.83969
51461,131,0,0,0,131,0,0.10299,0.11496,9.94652,-0.73282,-0.38931,-0.59542
51582,131,0,0,0,131,0,-0.16286,-0.05748,9.97765,-0.70992,-0.40458,-0.19847
51702,131,0,0,0,131,0,-0.06706,-0.01198,9.94652,-0.78626,-0.23664,-0.64122
51823,131,0,0,0,131,0,0.07904,0.11257,9.95610,-0.75573,-0.32824,0.03053
51944,131,0,0,0,131,0,-0.18681,0.07904,9.98484,-0.67176,-0.58779,-0.10687
52064,131,0,0,0,131,0,-0.05988,0.01916,9.94891,-0.77099,-0.29771,-0.63359
52185,131,0,0,0,131,0,0.03832,0.01437,9.98963,-0.77099,-0.40458,-0.29008
52305,131,0,0,0,131,0,-0.15089,0.05748,9.96807,-0.59542,-0.39695,-0.26718
52426,131,0,0,0,131,0,-0.07185,0.08383,9.95610,-0.76336,-0.39695,-0.62595
52546,131,0,0,0,131,0,0.05509,0.01916,9.99442,-0.73282,-0.41221,-0.16794
52667,131,0,0,0,131,0,-0.11975,-0.02635,9.95849,-0.58779,-0.35878,0.01527
52787,131,0,0,0,131,0,-0.06227,0.04311,9.97526,-0.61832,-0.34351,-0.47328
52908,131,0,0,0,131,0,-0.01437,0.06706,9.96568,-0.66412,-0.34351,-0.20611
53028,131,0,0,0,131,0,-0.11017,-0.01916,9.95131,-0.68702,-0.32061,-0.35878
53149,131,0,0,0,131,0,-0.05509,-0.00958,9.95131,-0.82443,-0.39695,-0.37405
53270,131,0,0,0,131,0,0.00719,0.01916,9.93933,-0.68702,-0.32061,-0.26718
53390,131,0,0,0,131,0,-0.09580,0.09580,9.99202,-0.54198,-0.37405,-0.35878
53511,131,0,0,0,131,0,-0.09341,0.03114,9.96089,-0.64885,-0.38168,-0.20611
53631,131,0,0,0,131,0,-0.01198,-0.02395,9.96089,-0.51908,-0.49618,-0.38931
53752,131,0,0,0,131,0,-0.05748,0.03114,9.94173,-0.64122,-0.22137,-0.22137
53872,131,0,0,0,131,0,-0.09820,0.09101,9.98005,-0.69466,-0.42748,-0.54962
53993,131,0,0,0,131,0,-0.06227,0.03114,9.94652,-0.65649,-0.39695,-0.29771
54113,131,0,0,0,131,0,-0.03832,-0.03593,9.96568,-0.82443,-0.35115,-0.16031
54234,131,0,0,0,131,0,-0.05509,0.02156,9.96089,-0.57252,-0.38168,-0.22137
54354,131,0,0,0,131,0,-0.03832,0.05748,9.95131,-0.73282,-0.22901,-0.29771
54475,131,0,0,0,131,0,-0.05988,0.05988,9.95610,-0.74809,-0.26718,-0.12214
54595,131,0,0,0,131,0,-0.09820,0.01916,9.96328,-0.66412,-0.22901,-0.44275
54716,131,0,0,0,131,0,-0.01916,0.01677,9.99202,-0.71756,-0.52672,-0.45038
54837,131,0,0,0,131,0,-0.07904,0.03832,9.96328,-0.67176,-0.30534,-0.38168
54957,131,0,0,0,131,0,-0.07664,0.05748,9.95370,-0.70229,-0.32824,-0.19084
55078,131,0,0,3,131,0,-0.00479,0.02156,9.98005,-0.68702,-0.35878,-0.25191
55198,131,0,0,3,131,0,-0.07664,0.05030,9.94891,-0.69466,-0.43511,-0.29008
55319,131,0,0,3,131,0,-0.07664,0.05988,9.95849,-0.83206,-0.45802,-0.51908
55439,131,0,0,3,131,0,0.00719,0.08143,9.95849,-0.65649,-0.27481,-0.19084
55560,131,0,0,3,131,0,-0.10059,0.01677,9.98244,-0.73282,-0.40458,-0.12977
55680,131,0,0,3,131,0,-0.03114,-0.02156,9.95131,-0.66412,-0.34351,-0.32824
55801,131,0,0,3,131,0,-0.04072,0.04311,9.97047,-0.76336,-0.38168,-0.24427
55921,131,0,0,3,131,0,-0.04311,0.05509,9.97286,-0.67939,-0.23664,-0.51908
56042,131,0,0,3,131,0,-0.08862,0.00479,9.99921,-0.74046,-0.47328,-0.16794
56162,131,0,0,3,131,0,-0.04311,-0.06946,9.96328,-0.57252,-0.38168,-0.15267
56283,131,0,0,3,131,0,-0.09101,0.05269,9.95610,-0.80153,-0.61832,-0.35115
56404,131,0,0,3,131,0,-0.04790,0.07904,9.99442,-0.74809,-0.37405,-0.51908
56524,131,0,0,3,131,0,-0.03593,0.07425,9.95849,-0.70992,-0.49618,-0.39695
56645,131,0,0,3,131,0,-0.06227,-0.00958,9.95131,-0.74809,-0.24427,-0.25191
56765,131,0,0,2,131,0,-0.10299,-0.02635,9.94173,-0.65649,-0.55725,-0.25954
56886,131,0,0,2,131,0,-0.03832,0.07904,9.97765,-0.70229,-0.22137,-0.25954
57006,131,0,0,2,131,0,-0.03593,0.11257,9.95610,-0.67176,-0.34351,-0.04580
57127,131,0,0,2,131,0,-0.00719,0.03832,9.95849,-0.74809,-0.25191,-0.14504
57247,131,0,0,2,131,0,-0.05269,-0.04072,9.93215,-0.56489,-0.25954,-0.03817
57368,131,0,0,2,131,0,-0.12933,0.04790,9.94891,-0.69466,-0.18321,-0.73282
57488,131,0,0,2,131,0,0.00479,0.10059,9.96089,-0.74809,-0.32061,-0.50382
57609,131,0,0,2,131,0,-0.12215,0.06227,9.96089,-0.64885,-0.25954,-0.37405
57730,131,0,0,2,131,0,-0.00958,0.02635,9.93694,-0.78626,-0.48092,0.01527
57850,131,0,0,2,131,0,-0.08862,0.05748,9.97286,-0.60305,-0.35115,-0.02290
57971,131,0,0,2,131,0,-0.03114,0.06227,9.94891,-0.74809,-0.24427,-0.18321
58091,131,0,0,2,131,0,-0.07425,0.00958,9.94652,-0.73282,-0.31298,-0.33588
58212,131,0,0,2,131,0,-0.03353,-0.02395,9.94891,-0.61832,-0.47328,-0.42748
58332,131,0,0,2,131,0,-0.07185,-0.04311,9.95610,-0.61069,-0.25954,-0.48855
58453,131,0,0,2,131,0,-0.07185,0.11257,9.94173,-0.67939,-0.32824,-0.49618
58573,131,0,0,2,131,0,-0.03832,0.21076,9.95849,-0.61069,-0.37405,-0.32824
58694,131,0,0,2,131,0,-0.06227,0.04072,9.96328,-0.71756,-0.33588,-0.29771
58814,131,0,0,2,131,0,-0.04790,-0.04551,9.97526,-0.74809,-0.30534,-0.32061
58935,131,0,0,2,131,0,-0.07904,0.07425,9.96807,-0.58779,-0.22901,-0.38168
59055,131,0,0,2,131,0,-0.05748,0.11736,10.01358,-0.63359,-0.38931,-0.48092
59176,131,0,0,2,131,0,-0.09101,0.04551,9.97047,-0.76336,-0.23664,-0.65649
59297,131,0,0,2,131,0,-0.06706,-0.05988,9.95370,-0.65649,-0.40458,-0.56489
59417,131,0,0,2,131,0,-0.03353,0.01916,9.95370,-0.57252,-0.40458,-0.36641
59538,131,0,0,2,131,0,-0.05030,0.10059,9.96328,-0.50382,-0.41221,-0.29008
59658,131,0,0,2,131,0,-0.05988,0.02395,9.99442,-0.73282,-0.31298,-0.12977
59779,131,0,0,2,131,0,-0.01916,-0.08622,9.96089,-0.54198,-0.38931,-0.35878
59899,131,0,0,2,131,0,-0.10778,-0.05509,9.96328,-0.63359,-0.30534,-0.36641
60020,131,0,0,2,131,0,-0.01677,0.03593,9.95131,-0.72519,-0.32061,-0.51145
60140,131,0,0,2,131,0,0.01437,0.05988,9.95370,-0.69466,-0.36641,-0.22137
60261,131,0,0,2,131,0,-0.04311,0.00479,9.96807,-0.71756,-0.32824,-0.09160
60381,131,0,0,2,131,0,-0.13412,-0.02156,9.96807,-0.63359,-0.23664,-0.40458
60502,131,0,0,2,131,0,-0.01677,0.08862,9.97047,-0.74809,-0.22137,-0.43511
60622,131,0,0,2,131,0,-0.04072,0.08383,9.94173,-0.61069,-0.38931,-0.19847
60743,131,0,0,2,131,0,-0.14610,0.04311,9.97047,-0.71756,-0.31298,-0.16794
60864,131,0,0,2,131,0,0.04072,0.03832,9.98484,-0.70992,-0.29771,-0.22901
60984,131,0,0,2,131,0,-0.02395,0.03832,9.95370,-0.59542,-0.46565,-0.10687
61105,131,0,0,2,131,0,-0.07185,0.05748,9.95131,-0.72519,-0.26718,-0.25954
61225,131,0,0,2,131,0,0.02156,0.00240,9.95849,-0.87023,-0.26718,-0.19084
61346,131,0,0,2,131,0,-0.09820,-0.06467,9.96568,-0.58779,-0.41221,-0.11450
61466,131,0,0,2,131,0,-0.06706,0.02156,9.96089,-0.59542,-0.36641,-0.51145
61587,131,0,0,2,131,0,-0.12215,0.08143,9.97526,-0.67939,-0.26718,-0.51908
61707,131,0,0,2,131,0,0.03114,0.04072,9.96568,-0.69466,-0.26718,-0.49618
61828,131,0,0,2,131,0,-0.04311,0.00719,9.94891,-0.56489,-0.19084,-0.09160
61948,131,0,0,2,131,0,-0.10059,-0.03593,9.96328,-0.66412,-0.34351,-0.17557
62069,131,0,0,2,131,0,-0.05509,0.06946,9.95610,-0.67939,-0.36641,-0.29771
62189,131,0,0,2,131,0,-0.00240,0.06227,9.96089,-0.63359,-0.33588,-0.35878
62310,131,0,0,2,131,0,-0.10538,-0.03832,9.99681,-0.83206,-0.14504,-0.60305
62431,131,0,0,2,131,0,-0.04790,-0.04072,9.97526,-0.71756,-0.59542,-0.45038
62551,131,0,0,2,131,0,0.01437,0.07664,9.97286,-0.70229,-0.43511,-0.31298
62672,131,0,0,2,131,0,-0.02874,0.04551,9.95610,-0.64122,-0.35115,0.04580
62792,131,0,0,2,131,0,-0.12694,0.00479,9.95370,-0.70229,-0.38931,-0.27481
62913,131,0,0,2,131,0,-0.01437,-0.00479,9.96328,-0.82443,-0.43511,-0.46565
63033,131,0,0,2,131,0,-0.04072,0.00000,9.96807,-0.74046,-0.37405,-0.26718
63154,131,0,0,2,131,0,-0.11975,0.01916,9.98005,-0.64885,-0.51908,-0.48092
63274,131,0,0,2,131,0,0.04072,0.04311,9.97047,-0.61069,-0.22901,-0.38168
63395,131,0,0,2,131,0,-0.03114,0.02156,9.97765,-0.74046,-0.37405,0.41985
63515,131,0,0,2,131,0,-0.18681,0.02156,9.96089,-0.70992,-0.38931,-0.25954
63636,131,0,0,2,131,0,0.03832,-0.00958,9.99681,-0.73282,-0.46565,-0.14504
63757,131,0,0,2,131,0,-0.06706,-0.00958,9.99442,-0.74046,-0.37405,-0.10687
63877,131,0,0,2,131,0,-0.17723,0.03353,9.95849,-0.67176,-0.37405,-0.61832
63998,131,0,0,2,131,0,0.03353,0.07425,9.96807,-0.66412,-0.29771,-0.54198
64118,131,0,0,2,131,0,-0.08862,0.05509,9.94652,-0.65649,-0.48855,0.00000
64239,131,0,0,2,131,0,-0.11257,0.07185,9.95131,-0.56489,-0.39695,-0.47328
64359,131,0,0,2,131,0,0.02874,0.04311,9.97286,-0.74046,-0.39695,-0.31298
64480,131,0,0,2,131,0,-0.07904,0.06946,9.97286,-0.76336,-0.32824,-0.12214
64600,131,0,0,2,131,0,-0.09341,0.04311,9.96089,-0.63359,-0.54962,-0.33588
64721,131,0,0,2,131,0,-0.02635,0.05988,9.96807,-0.71756,-0.22901,-0.53435
64841,131,0,0,2,131,0,-0.06227,0.00719,9.95131,-0.58015,-0.36641,-0.10687
64962,131,0,0,2,131,0,-0.14131,0.07185,9.98005,-0.77099,-0.32824,-0.32824
65082,131,0,0,2,131,0,-0.01677,0.05988,9.94412,-0.72519,-0.36641,-0.55725
65203,131,0,0,2,131,0,-0.05030,0.00240,9.97047,-0.76336,-0.32061,-0.25954
65324,131,0,0,2,131,0,-0.11496,0.03353,9.96328,-0.70229,-0.48855,-0.32061
65444,131,0,0,2,131,0,-0.02874,0.03353,9.96328,-0.55725,-0.27481,-0.40458
65565,131,0,0,2,131,0,-0.06946,0.06706,9.94412,-0.62595,-0.38168,-0.29771
65685,131,0,0,2,131,0,-0.09341,0.02395,9.96089,-0.73282,-0.21374,-0.61069
65806,131,0,0,2,131,0,-0.04311,0.03832,9.95370,-0.66412,-0.29771,-0.27481
65926,131,0,0,2,131,0,-0.07904,0.01677,9.96568,-0.74046,-0.28244,-0.22137
66047,131,0,0,2,131,0,-0.11017,0.03593,9.93933,-0.74809,-0.47328,-0.32061
66167,131,0,0,2,131,0,-0.03353,0.03593,9.97286,-0.67176,-0.25954,-0.52672
66288,131,0,0,2,131,0,-0.06227,0.02156,9.96568,-0.70992,-0.49618,-0.41221
66408,131,0,0,2,131,0,-0.10778,0.03353,9.96328,-0.62595,-0.45802,-0.43511
66529,131,0,0,2,131,0,-0.05748,0.01677,9.97526,-0.69466,-0.34351,-0.35878
66649,131,0,0,2,131,0,-0.02635,-0.00719,9.95849,-0.59542,-0.30534,-0.25191
66770,131,0,0,2,131,0,-0.07664,0.03593,9.96328,-0.83206,-0.38168,-0.35878
66891,131,0,0,2,131,0,-0.06467,0.03353,9.98963,-0.84733,-0.48855,-0.27481
67011,131,0,0,2,131,0,-0.05269,0.02156,9.96568,-0.66412,-0.43511,-0.38931
67132,131,0,0,2,131,0,-0.09341,0.01437,9.96568,-0.67176,-0.30534,-0.25954
67252,131,0,0,2,131,0,-0.03353,0.03353,9.94891,-0.80916,-0.30534,-0.16031
67373,131,0,0,2,131,0,-0.00958,0.00240,9.95849,-0.60305,-0.52672,-0.45802
67493,131,0,0,2,131,0,-0.07425,0.02874,9.94652,-0.61069,-0.26718,-0.30534
67614,131,0,0,2,131,0,-0.05509,0.03593,9.96568,-0.64122,-0.32824,-0.47328
67734,131,0,0,2,131,0,-0.02874,0.02156,9.94891,-0.69466,-0.28244,-0.22137
67855,131,0,0,2,131,0,-0.06946,0.01198,9.95610,-0.70229,-0.29771,-0.33588
67975,131,0,0,2,131,0,-0.05748,0.01677,9.95370,-0.65649,-0.45038,-0.41985
68096,131,0,0,2,131,0,-0.05748,0.02156,9.97047,-0.62595,-0.41221,-0.41221
68217,131,0,0,2,131,0,-0.04790,0.04790,9.98484,-0.70229,-0.36641,-0.29008
68337,131,0,0,2,131,0,-0.06706,0.09341,9.96089,-0.70992,-0.36641,-0.31298
68458,131,0,0,2,131,0,-0.03593,0.04551,9.95849,-0.66412,-0.37405,-0.25954
68578,131,0,0,2,131,0,-0.05269,0.04072,9.95131,-0.80153,-0.39695,-0.25954
68699,131,0,0,1,131,0,-0.06467,0.00000,9.97526,-0.68702,-0.24427,-0.31298
68819,131,0,0,1,131,0,-0.08862,0.01677,9.97765,-0.69466,-0.34351,-0.18321
68940,131,0,0,1,131,0,-0.03832,0.02156,9.96089,-0.89313,-0.39695,-0.31298
69060,131,0,0,1,131,0,-0.07904,0.00240,9.97047,-0.69466,-0.35115,-0.23664
69181,131,0,0,1,131,0,-0.12215,0.05269,9.95370,-0.67939,-0.28244,-0.45038
69301,131,0,0,1,131,0,-0.05030,0.05269,9.97765,-0.68702,-0.38168,-0.41221
69422,131,0,0,1,131,0,-0.03353,0.00719,9.96089,-0.70992,-0.41221,-0.38168
69542,131,0,0,1,131,0,-0.09820,0.00719,9.95131,-0.61832,-0.33588,-0.37405
69663,131,0,0,1,131,0,-0.04311,0.02874,9.96328,-0.78626,-0.31298,-0.29008
69784,131,0,0,1,131,0,-0.02156,0.05748,9.96328,-0.77099,-0.45802,-0.22901
69904,131,0,0,1,131,0,-0.08143,0.06227,9.96568,-0.74046,-0.38168,-0.13740
70025,131,0,0,1,131,0,-0.03593,0.04790,9.96807,-0.71756,-0.19084,-0.33588
70145,131,0,0,1,131,0,-0.02395,0.01677,9.97286,-0.57252,-0.26718,-0.23664
70266,131,0,0,1,131,0,-0.05269,0.03832,9.94891,-0.58015,-0.35115,-0.29771
70386,131,0,0,1,131,0,-0.05509,0.05269,9.97765,-0.64885,-0.45038,-0.35115
70507,131,0,0,1,131,0,-0.04790,0.05030,9.97765,-0.68702,-0.23664,-0.28244
70627,131,0,0,1,131,0,-0.07425,0.00000,9.94412,-0.58779,-0.24427,-0.25191
70748,131,0,0,1,131,0,-0.04072,0.00240,9.97286,-0.65649,-0.22901,-0.44275
70868,131,0,0,1,131,0,-0.01916,0.05988,9.97765,-0.61832,-0.25954,-0.16031
70989,131,0,0,1,131,0,-0.10299,0.03593,9.93933,-0.61832,-0.45038,-0.32824
71109,131,0,0,1,131,0,-0.08383,0.00000,9.97526,-0.59542,-0.31298,-0.40458
71230,131,0,0,1,131,0,-0.00958,0.03353,9.95610,-0.67176,-0.48092,-0.36641
71351,131,0,0,1,131,0,-0.03832,0.04072,9.93933,-0.61069,-0.41221,-0.29771
71471,131,0,0,1,131,0,-0.09101,0.04311,9.96328,-0.52672,-0.22137,-0.44275
71592,131,0,0,1,131,0,-0.02874,0.01677,9.94652,-0.72519,-0.28244,-0.26718
71712,131,0,0,1,131,0,-0.05269,0.01677,9.95610,-0.77863,-0.38931,-0.29771
71833,131,0,0,1,131,0,-0.09820,0.05030,9.95610,-0.74809,-0.35878,-0.20611
71953,131,0,0,1,131,0,-0.08143,0.04790,9.96328,-0.70229,-0.41221,-0.45038
72074,131,0,0,1,131,0,-0.06227,0.01437,9.96089,-0.58779,-0.26718,-0.37405
72194,131,0,0,1,131,0,-0.06946,0.01437,9.96328,-0.61832,-0.37405,-0.19084
72315,131,0,0,1,131,0,-0.02395,0.02874,9.97765,-0.79389,-0.40458,-0.30534
72435,131,0,0,1,131,0,-0.08383,0.04790,9.97765,-0.76336,-0.38931,-0.23664
72556,131,0,0,1,131,0,-0.07425,0.03593,9.95610,-0.68702,-0.35878,-0.44275
72676,131,0,0,1,131,0,-0.05988,-0.00240,9.97047,-0.63359,-0.38931,-0.39695
72797,131,0,0,1,131,0,-0.08383,0.02874,9.96807,-0.70992,-0.39695,-0.32061
72918,131,0,0,1,131,0,-0.08862,0.04072,9.96568,-0.70992,-0.33588,-0.30534
73038,131,0,0,1,131,0,-0.02874,0.07425,9.96568,-0.58779,-0.47328,-0.22901
73159,131,0,0,1,131,0,0.00000,0.01916,9.98723,-0.72519,-0.25191,-0.29771
73279,131,0,0,1,131,0,-0.08622,0.04551,9.96328,-0.58779,-0.29771,-0.45038
73400,131,0,0,1,131,0,-0.03353,0.02635,9.97765,-0.65649,-0.38168,-0.25191
73520,131,0,0,1,131,0,-0.05748,0.04072,9.96328,-0.74046,-0.25954,-0.25954
73641,131,0,0,1,131,0,-0.10778,0.05030,9.97526,-0.66412,-0.47328,-0.33588
73761,131,0,0,1,131,0,-0.05748,0.05509,9.95849,-0.83206,-0.27481,-0.47328
73882,131,0,0,1,131,0,-0.02395,0.05030,9.96807,-0.60305,-0.39695,-0.24427
74002,131,0,0,1,131,0,-0.10538,0.02395,9.99202,-0.67939,-0.45802,-0.44275
74123,131,0,0,1,131,0,-0.05269,0.05988,9.97526,-0.60305,-0.45802,-0.41985
74244,131,0,0,1,131,0,-0.03593,0.04551,9.95610,-0.70229,-0.32061,-0.35115
74364,131,0,0,1,131,0,-0.09820,0.00240,9.97047,-0.70992,-0.44275,-0.30534
74485,131,0,0,1,131,0,-0.07904,0.02156,9.95610,-0.70229,-0.26718,-0.41221
74605,131,0,0,1,131,0,-0.05030,0.06946,9.98244,-0.70229,-0.29771,-0.31298
74726,131,0,0,1,131,0,-0.06467,0.02156,9.96089,-0.80153,-0.38168,-0.38931
74846,131,0,0,1,131,0,-0.06227,0.01198,9.96328,-0.74809,-0.32824,-0.23664
74967,131,0,0,1,131,0,-0.01916,0.05988,9.98484,-0.64122,-0.32061,-0.32061
75087,131,0,0,1,131,0,-0.06706,0.02874,9.98723,-0.55725,-0.35878,-0.34351
75208,131,0,0,1,131,0,-0.08383,0.01916,9.96328,-0.66412,-0.19084,-0.26718
75328,131,0,0,1,131,0,-0.05748,-0.01437,9.96089,-0.68702,-0.17557,-0.35878
75449,131,0,0,1,131,0,-0.04311,0.03832,9.95610,-0.66412,-0.31298,-0.22901
75569,131,0,0,1,131,0,-0.07664,0.01198,9.94652,-0.64885,-0.18321,-0.37405
75690,131,0,0,1,131,0,-0.06946,0.05030,9.94891,-0.73282,-0.37405,-0.41221
75811,131,0,0,1,131,0,-0.05509,0.04790,9.96568,-0.69466,-0.29771,-0.35878
75931,131,0,0,1,131,0,-0.06706,-0.01916,9.97526,-0.60305,-0.45802,-0.22901
76052,131,0,0,1,131,0,-0.07185,0.03832,9.97286,-0.58779,-0.34351,-0.48092
76172,131,0,0,1,131,0,-0.03114,0.04311,9.97765,-0.74046,-0.40458,-0.32824
76293,131,0,0,1,131,0,-0.02635,0.05030,9.97765,-0.57252,-0.43511,-0.43511
76413,131,0,0,1,131,0,-0.01916,0.01916,9.98484,-0.80153,-0.26718,-0.23664
76534,131,0,0,1,131,0,-0.10778,0.04311,9.97286,-0.61069,-0.21374,-0.22901
76654,131,0,0,1,131,0,0.00958,0.06227,9.95610,-0.76336,-0.12214,-0.25191
76775,131,0,0,1,131,0,-0.15328,0.01677,9.94891,-0.70229,-0.56489,0.04580
76895,131,0,0,1,131,0,-0.12694,-0.04551,9.97286,-0.57252,-0.70992,-0.31298
77016,131,0,0,1,131,0,-0.13652,-0.01198,9.96328,-0.57252,-1.20611,-0.68702
77136,131,0,0,1,131,0,0.25627,0.12694,9.96089,-0.92366,-0.35115,-0.93893
77257,131,0,0,1,131,0,-0.13412,0.08862,9.92017,-0.61069,-0.54962,0.19847
77378,131,0,0,1,131,0,-0.25866,-0.02395,9.98963,-0.65649,-0.41221,-1.46565
77498,131,0,0,1,131,0,0.23950,0.00000,9.97526,-0.74046,-0.36641,-0.67176
77619,131,0,0,1,131,0,-0.29459,0.01916,9.96089,-0.62595,-0.58779,0.22137
77739,131,0,0,1,131,0,-0.08383,0.04551,9.95370,-0.59542,-0.27481,-0.95420
77860,131,0,0,1,131,0,0.21316,0.00719,9.99681,-0.60305,-0.48092,0.17557
77980,131,0,0,1,131,0,-0.26585,-0.02635,9.99442,-0.76336,-0.32824,-0.06107
78101,131,0,0,1,131,0,-0.01677,0.02635,9.95370,-0.74809,-0.40458,-0.86260
78221,131,0,0,1,131,0,0.08622,0.05269,9.99921,-0.57252,-0.35115,-0.03817
78342,131,0,0,1,131,0,-0.20837,-0.02635,9.99921,-0.70992,-0.35878,-0.54198
78462,131,0,0,1,131,0,0.01916,-0.01437,9.94412,-0.70992,-0.28244,-0.87023
78583,131,0,0,1,131,0,0.02635,0.03114,9.98005,-0.58779,-0.52672,-0.03817
78704,131,0,0,1,131,0,-0.19160,0.02874,9.97047,-0.58015,-0.43511,-0.28244
78824,131,0,0,1,131,0,0.02156,0.02395,9.96807,-0.71756,-0.35878,-0.38931
78945,131,0,0,1,131,0,0.00958,0.02156,9.98005,-0.68702,-0.30534,-0.06870
79065,131,0,0,1,131,0,-0.18681,0.00719,9.95131,-0.80153,-0.32824,-0.32061
79186,131,0,0,1,131,0,0.00000,0.06706,9.96568,-0.70229,-0.38931,-0.49618
79306,131,0,0,1,131,0,-0.01916,0.06227,9.95610,-0.54198,-0.47328,-0.07634
79427,131,0,0,1,131,0,-0.11975,-0.00479,9.98244,-0.66412,-0.32824,-0.29771
79547,131,0,0,1,131,0,-0.01437,0.04790,9.94652,-0.82443,-0.29008,-0.28244
79668,131,0,0,1,131,0,-0.02874,0.07185,9.95131,-0.67176,-0.26718,-0.19847
79788,131,0,0,1,131,0,-0.09580,0.05748,9.98723,-0.62595,-0.25191,-0.28244
79909,131,0,0,1,131,0,-0.00958,0.03353,9.99442,-0.63359,-0.38168,-0.45802
80029,131,0,0,1,131,0,-0.00479,0.03593,9.96089,-0.66412,-0.38931,-0.12977
80150,131,0,0,1,131,0,-0.12215,0.03832,9.97286,-0.59542,-0.52672,-0.41221
80271,131,0,0,1,131,0,0.01677,0.05988,9.95370,-0.79389,-0.18321,-0.25191
80391,131,0,0,1,131,0,-0.00719,0.01916,9.95849,-0.74809,-0.41985,-0.20611
80512,131,0,0,1,131,0,-0.09580,0.05509,9.98963,-0.67176,-0.38168,-0.42748
80632,131,0,0,1,131,0,-0.03353,0.05509,10.00160,-0.70992,-0.42748,-0.45802
80753,131,0,0,1,131,0,-0.01437,0.03832,9.93694,-0.52672,-0.45038,-0.32824
80873,131,0,0,0,131,0,-0.12215,0.02395,9.94652,-0.71756,-0.35115,-0.35115
80994,131,0,0,0,131,0,-0.03832,0.01916,9.98484,-0.66412,-0.38168,-0.48092
81114,131,0,0,0,131,0,-0.02395,0.04790,9.99442,-0.58779,-0.23664,-0.38931
81235,131,0,0,0,131,0,-0.07904,0.01437,9.96807,-0.87786,-0.35115,-0.41221
81355,131,0,0,0,131,0,-0.01916,0.05030,9.98723,-0.77099,-0.27481,-0.40458
81476,131,0,0,0,131,0,-0.03593,0.03832,9.97526,-0.64885,-0.48092,-0.41221
81596,131,0,0,0,131,0,-0.08383,0.04551,9.94173,-0.60305,-0.32824,-0.36641
81717,131,0,0,0,131,0,-0.06946,0.06946,9.95131,-0.67176,-0.34351,-0.33588
81838,131,0,0,0,131,0,-0.02874,0.03593,9.97286,-0.57252,-0.28244,-0.16031
81958,131,0,0,0,131,0,-0.06467,0.03114,9.98484,-0.62595,-0.43511,-0.32824
82079,131,0,0,0,131,0,-0.04551,0.04551,9.95370,-0.67939,-0.38931,-0.38931
82199,131,0,0,0,131,0,-0.00958,0.05269,9.95370,-0.80916,-0.28244,-0.30534
82320,131,0,0,0,131,0,-0.05509,0.03353,9.95370,-0.70229,-0.32824,-0.28244
82440,131,0,0,0,131,0,-0.05748,0.04072,9.97765,-0.64122,-0.26718,-0.40458
82561,131,0,0,0,131,0,0.00479,0.02635,9.96568,-0.73282,-0.29771,-0.33588
82681,131,0,0,0,131,0,-0.03593,0.02395,9.96568,-0.71756,-0.41985,-0.13740
82802,131,0,0,0,131,0,-0.06706,0.02156,9.98723,-0.70229,-0.41985,-0.34351
82922,131,0,0,0,131,0,-0.02156,0.03114,9.95370,-0.74809,-0.39695,-0.45802
83043,131,0,0,0,131,0,-0.06467,0.02635,9.94891,-0.77863,-0.32824,-0.28244
83163,131,0,0,0,131,0,-0.05988,0.04072,9.96568,-0.61832,-0.45038,-0.32061
83284,131,0,0,0,131,0,-0.04551,0.04072,9.95131,-0.58015,-0.41985,-0.18321
83405,131,0,0,0,131,0,-0.05509,0.04072,9.96807,-0.74809,-0.51145,-0.41221
83525,131,0,0,0,131,0,-0.05988,0.02156,9.98244,-0.60305,-0.39695,-0.41221
83646,131,0,0,0,131,0,0.03353,0.05030,9.99202,-0.57252,-0.31298,-0.12977
83766,131,0,0,0,131,0,-0.16765,0.05269,9.96328,-0.63359,-0.41221,-0.27481
83887,131,0,0,0,131,0,0.08862,0.03593,9.97047,-0.65649,-0.28244,-0.30534
84007,131,0,0,0,131,0,-0.08383,0.01437,9.98484,-0.64885,-0.34351,-0.46565
84128,131,0,0,0,131,0,-0.12454,0.01198,9.95131,-0.61832,-0.45802,-0.93130
84248,131,0,0,0,131,0,0.07904,0.08622,9.97047,-0.63359,-0.13740,-0.43511
84369,131,0,0,0,131,0,-0.06706,0.04790,9.98484,-0.70992,-0.38168,-0.05344
84489,131,0,0,0,131,0,-0.07185,0.02395,9.95849,-0.70229,-0.36641,-0.43511
84610,131,0,0,0,131,0,0.06467,0.04790,9.96568,-0.79389,-0.38931,-0.19084
84731,131,0,0,0,131,0,-0.12215,0.05269,9.96328,-0.70229,-0.47328,-0.09924
84851,131,0,0,0,131,0,-0.09820,0.01198,9.96568,-0.78626,-0.38168,-0.79389
84972,131,0,0,0,131,0,0.06706,0.00719,9.97047,-0.64885,-0.37405,-0.51145
85092,131,0,0,0,131,0,-0.05748,0.00240,9.96807,-0.64122,-0.42748,-0.17557
85213,131,0,0,0,131,0,-0.08143,0.05748,9.97526,-0.58779,-0.36641,-0.35115
85333,131,0,0,0,131,0,0.02635,0.06706,9.98244,-0.70229,-0.45038,-0.12214
85454,131,0,0,0,131,0,-0.07425,0.02395,9.96328,-0.63359,-0.20611,-0.19084
85574,131,0,0,0,131,0,-0.09820,0.00479,9.98005,-0.77099,-0.39695,-0.57252
85695,131,0,0,0,131,0,0.03114,0.03114,9.95849,-0.65649,-0.39695,-0.38168
85815,131,0,0,0,131,0,-0.09101,0.02395,9.96568,-0.66412,-0.40458,-0.29771
85936,131,0,0,0,131,0,-0.10538,0.02395,9.94891,-0.67176,-0.45802,-0.37405
86056,131,0,0,0,131,0,0.01677,0.02635,9.95610,-0.69466,-0.30534,-0.16031
86177,131,0,0,0,131,0,-0.09101,0.00719,9.97765,-0.64122,-0.58015,-0.22137
86298,131,0,0,0,131,0,-0.08143,0.05030,9.97526,-0.67176,-0.33588,-0.45038
86418,131,0,0,0,131,0,-0.01198,0.02156,9.96328,-0.68702,-0.29771,-0.38931
86539,131,0,0,0,131,0,-0.07425,0.00479,9.96089,-0.75573,-0.40458,-0.26718
86659,131,0,0,0,131,0,-0.07664,0.00719,9.93694,-0.76336,-0.19084,-0.29771
86780,131,0,0,0,131,0,0.00719,0.03593,9.96328,-0.75573,-0.29008,-0.32824
86900,131,0,0,0,131,0,-0.03353,0.01916,9.97765,-0.55725,-0.38931,-0.04580
87021,131,0,0,0,131,0,-0.06946,0.02874,9.96328,-0.72519,-0.26718,-0.35115
87141,131,0,0,0,131,0,0.00000,0.02156,9.96807,-0.58779,-0.35115,-0.38931
87262,131,0,0,0,131,0,-0.04311,0.04790,9.96328,-0.67176,-0.31298,-0.22901
87382,131,0,0,0,131,0,-0.07425,0.03353,9.94891,-0.54962,-0.37405,-0.49618
87503,131,0,0,0,131,0,-0.03114,0.04551,9.97286,-0.67939,-0.42748,-0.33588
87623,131,0,0,0,131,0,-0.05509,0.01916,9.98484,-0.73282,-0.31298,-0.19084
87744,131,0,0,0,131,0,-0.09101,0.07425,9.96089,-0.67176,-0.38931,-0.45802
87865,131,0,0,0,131,0,-0.01437,0.05030,9.96568,-0.68702,-0.42748,-0.38168
87985,131,0,0,0,131,0,-0.03593,0.03593,9.97047,-0.70229,-0.29008,-0.41985
88106,131,0,0,0,131,0,-0.05509,0.03353,9.96568,-0.58779,-0.34351,-0.47328
88226,131,0,0,0,131,0,-0.01677,0.01677,9.96089,-0.70229,-0.35878,-0.45802
88347,131,0,0,0,131,0,-0.03353,0.01916,9.95131,-0.59542,-0.35878,-0.46565
88467,131,0,0,0,131,0,-0.05269,0.05748,9.95131,-0.64885,-0.34351,-0.38931
88588,131,0,0,0,131,0,-0.03593,0.05269,9.94173,-0.77099,-0.31298,-0.45038
88708,131,0,0,0,131,0,-0.03353,0.05988,9.95610,-0.77099,-0.23664,-0.47328
88829,131,0,0,0,131,0,-0.08383,0.03832,9.97765,-0.82443,-0.48855,-0.32061
88949,131,0,0,0,131,0,-0.02635,0.02874,9.96089,-0.62595,-0.35115,-0.29771
89070,131,0,0,0,131,0,-0.01198,0.05748,9.97526,-0.60305,-0.44275,-0.40458
89191,131,0,0,0,131,0,-0.03832,0.01916,9.96568,-0.65649,-0.34351,-0.34351
89311,131,0,0,0,131,0,-0.06946,0.04551,9.98005,-0.67176,-0.29008,-0.41985
89432,131,0,0,0,131,0,-0.03593,0.01437,9.96328,-0.78626,-0.29771,-0.38168
89552,131,0,0,0,131,0,-0.05748,0.05269,9.95849,-0.58779,-0.35115,-0.32061
89673,131,0,0,0,131,0,-0.01916,0.04311,9.95131,-0.66412,-0.34351,-0.38931
89793,131,0,0,0,131,0,-0.03593,0.05748,9.97286,-0.59542,-0.46565,-0.28244
89914,131,0,0,0,131,0,-0.06467,0.05988,9.96328,-0.63359,-0.41221,-0.19847
90034,131,0,0,0,131,0,-0.02635,0.02874,9.94412,-0.67939,-0.38931,-0.30534
90155,131,0,0,0,131,0,-0.05030,0.01198,9.96568,-0.61832,-0.34351,-0.27481
90275,131,0,0,0,131,0,-0.02635,0.04072,9.96328,-0.74809,-0.57252,-0.43511
90396,131,0,0,0,131,0,-0.06706,0.07185,9.97047,-0.65649,-0.36641,-0.31298
90516,131,0,0,0,131,0,-0.03832,0.02156,9.98005,-0.68702,-0.38168,-0.31298
90637,131,0,0,0,131,0,-0.05988,0.01677,9.96089,-0.62595,-0.34351,-0.29771
90758,131,0,0,0,131,0,-0.06706,0.05748,9.95131,-0.58779,-0.34351,-0.25191
90878,131,0,0,0,131,0,-0.05030,0.08383,9.97286,-0.76336,-0.31298,-0.34351
90999,131,0,0,0,131,0,-0.04790,0.03593,9.96807,-0.67939,-0.39695,-0.28244
91119,131,0,0,0,131,0,-0.03353,0.00958,9.97765,-0.74046,-0.32061,-0.29008
91240,131,0,0,0,131,0,-0.03593,0.01677,9.97526,-0.58015,-0.19084,-0.43511
91360,131,0,0,0,131,0,-0.05030,0.00719,9.96328,-0.70992,-0.37405,-0.32824
91481,131,0,0,0,131,0,-0.05509,0.02635,9.95849,-0.78626,-0.41985,-0.38168
91601,131,0,0,0,131,0,-0.02156,0.05030,9.93694,-0.61069,-0.43511,-0.15267
91722,131,0,0,0,131,0,-0.02874,0.02395,9.96328,-0.46565,-0.49618,-0.33588
91842,131,0,0,0,131,0,-0.05269,0.03353,9.95610,-0.66412,-0.29008,-0.46565
91963,131,0,0,0,131,0,-0.03114,0.06946,9.94652,-0.70992,-0.32824,-0.37405
92083,131,0,0,0,131,0,-0.01437,0.05030,9.97286,-0.70992,-0.29008,-0.29008
92204,131,0,0,0,131,0,-0.03832,0.03593,9.96807,-0.68702,-0.24427,-0.35115
92325,131,0,0,0,131,0,-0.04072,0.00479,9.96568,-0.62595,-0.40458,-0.37405
92445,131,0,0,0,131,0,-0.05509,0.06946,9.96089,-0.52672,-0.50382,-0.25954
92566,131,0,0,0,131,0,-0.02395,0.03114,9.95131,-0.66412,-0.48092,-0.29008
92686,131,0,0,0,131,0,-0.03353,0.06706,9.95610,-0.76336,-0.37405,-0.29771
92807,131,0,0,0,131,0,-0.02635,0.01677,9.95131,-0.65649,-0.33588,-0.39695
92927,131,0,0,0,131,0,-0.05748,0.00240,9.95370,-0.69466,-0.29008,-0.12214
93048,131,0,0,0,131,0,-0.02395,0.03593,9.96568,-0.67176,-0.46565,-0.38168
93168,131,0,0,0,131,0,-0.05748,0.04311,9.95370,-0.77099,-0.39695,-0.33588
93289,131,0,0,0,131,0,-0.09820,-0.00479,9.98005,-0.77863,-0.38931,-0.35115
93409,131,0,0,0,131,0,-0.04551,0.03593,9.97047,-0.72519,-0.35878,-0.23664
93530,131,0,0,0,131,0,-0.04072,0.02874,9.97047,-0.69466,-0.62595,-0.32824
93650,131,0,0,0,131,0,-0.05988,-0.00719,9.97286,-0.56489,-0.25191,-0.25954
93771,131,0,0,0,131,0,-0.04790,0.03593,9.97047,-0.72519,-0.25954,-0.12977
93892,131,0,0,0,131,0,-0.03593,0.04072,9.96089,-0.82443,-0.36641,-0.23664
94012,131,0,0,0,131,0,-0.04551,0.00000,9.97526,-0.54962,-0.28244,-0.25954
94133,131,0,0,0,131,0,-0.03353,0.04551,9.96328,-0.64122,-0.50382,-0.32824
94253,131,0,0,0,131,0,-0.00479,0.06227,9.93454,-0.67176,-0.19847,-0.22137
94374,131,0,0,0,131,0,-0.06946,0.02395,9.97765,-0.67939,-0.35115,-0.26718
94494,131,0,0,0,131,0,-0.08383,0.02156,9.96328,-0.59542,-0.41221,-0.28244
94615,131,0,0,0,131,0,-0.04790,0.03353,9.95849,-0.67939,-0.36641,-0.22137
94735,131,0,0,0,131,0,-0.05748,0.02874,9.97286,-0.74809,-0.35878,-0.30534
94856,131,0,0,0,131,0,-0.03353,0.03114,9.96807,-0.64122,-0.26718,-0.31298
94976,131,0,0,0,131,0,-0.03353,0.02395,9.95131,-0.73282,-0.41985,-0.32824
95097,131,0,0,0,131,0,-0.04072,0.00958,9.97765,-0.67176,-0.41985,-0.37405
95218,131,0,0,0,131,0,-0.06706,0.06467,9.94173,-0.58779,-0.33588,-0.28244
95338,131,0,0,0,131,0,-0.06227,0.02635,9.96807,-0.87786,-0.20611,-0.38168
95459,131,0,0,0,131,0,-0.04790,0.03593,9.96089,-0.70992,-0.41985,-0.42748
95579,131,0,0,0,131,0,-0.04551,0.02395,9.97526,-0.82443,-0.33588,-0.32061
95700,131,0,0,0,131,0,-0.01916,-0.00719,9.99202,-0.59542,-0.32061,-0.35115
95820,131,0,0,0,131,0,-0.02874,0.01677,9.97047,-0.80153,-0.51145,-0.38931
95941,131,0,0,0,131,0,-0.06227,0.01677,9.95370,-0.67939,-0.32824,-0.38168
96061,131,0,0,0,131,0,-0.02874,0.04551,9.95610,-0.64885,-0.22901,-0.22901
96182,131,0,0,0,131,0,-0.05030,0.05030,9.97286,-0.74046,-0.41221,-0.32061
96302,131,0,0,0,131,0,-0.03593,0.04072,9.98005,-0.67176,-0.21374,-0.29008
96423,131,0,0,0,131,0,-0.05269,0.05030,9.93694,-0.75573,-0.35115,-0.33588
96543,131,0,0,0,131,0,-0.06706,0.02156,9.98963,-0.70992,-0.37405,-0.39695
96664,131,0,0,0,131,0,-0.03593,0.01916,9.99442,-0.70992,-0.36641,-0.39695
96785,131,0,0,0,131,0,-0.04072,0.00000,9.96807,-0.58015,-0.27481,-0.33588
96905,131,0,0,0,131,0,-0.05748,0.02874,9.98244,-0.76336,-0.32061,-0.45038
97026,131,0,0,0,131,0,-0.05269,0.03353,9.95131,-0.71756,-0.35115,-0.42748
97146,131,0,0,0,131,0,-0.05269,0.00000,9.93933,-0.68702,-0.36641,-0.30534
97267,131,0,0,0,131,0,-0.06946,0.03353,9.98484,-0.77099,-0.46565,-0.37405
97387,131,0,0,0,131,0,-0.04311,0.02156,9.98244,-0.74809,-0.44275,-0.29008
97508,131,0,0,0,131,0,-0.03593,-0.00240,9.98244,-0.78626,-0.45038,-0.30534
97628,131,0,0,0,131,0,-0.05988,0.02874,9.95370,-0.64122,-0.23664,-0.29771
97749,131,0,0,0,131,0,-0.05269,0.03593,9.95849,-0.66412,-0.27481,-0.28244
97869,131,0,0,0,131,0,-0.05988,0.05269,9.96328,-0.68702,-0.34351,-0.35878
97990,131,0,0,0,131,0,-0.04790,0.02874,9.97765,-0.59542,-0.42748,-0.28244
98110,131,0,0,0,131,0,-0.05030,0.04551,9.97526,-0.67939,-0.37405,-0.25191
98231,131,0,0,0,131,0,-0.06946,0.01916,9.96568,-0.76336,-0.40458,-0.29008
98352,131,0,0,0,131,0,-0.04072,0.04551,9.94412,-0.56489,-0.29771,-0.24427
98472,131,0,0,0,131,0,-0.05269,0.02635,9.96089,-0.69466,-0.47328,-0.26718
98593,131,0,0,0,131,0,-0.06227,0.05030,9.98723,-0.73282,-0.38931,-0.33588
98713,131,0,0,0,131,0,-0.04311,0.03353,9.95131,-0.69466,-0.35878,-0.31298
98834,131,0,0,0,131,0,-0.06467,0.04311,9.97765,-0.70229,-0.31298,-0.36641
98954,131,0,0,0,131,0,-0.03353,0.00000,9.96328,-0.62595,-0.36641,-0.32824
99075,131,0,0,0,131,0,-0.05748,0.04551,9.94891,-0.79389,-0.41985,-0.28244
99195,131,0,0,0,131,0,-0.05509,-0.00719,9.98723,-0.76336,-0.19847,-0.40458
99316,131,0,0,0,131,0,-0.02395,0.03832,9.97765,-0.66412,-0.46565,-0.29771
99436,131,0,0,0,131,0,-0.06706,0.07664,9.96328,-0.66412,-0.35115,-0.37405
99557,131,0,0,0,131,0,-0.05269,0.03353,9.96807,-0.60305,-0.45038,-0.35878
99678,131,0,0,0,131,0,-0.04072,0.02635,9.95849,-0.67176,-0.25954,-0.21374
99798,131,0,0,0,131,0,-0.06467,0.05269,9.96568,-0.71756,-0.22901,-0.38931
99919,131,0,0,0,131,0,-0.05509,0.05030,9.97526,-0.76336,-0.48855,-0.25954
100039,131,0,0,0,131,0,-0.05988,0.05269,9.96568,-0.70992,-0.41221,-0.22137
100160,131,0,0,0,131,0,-0.04311,0.03353,9.94173,-0.67939,-0.32061,-0.28244
100280,131,0,0,0,131,0,-0.03593,0.06227,9.93454,-0.74046,-0.37405,-0.44275
100401,131,0,0,0,131,0,-0.05988,0.03353,9.95849,-0.77099,-0.28244,-0.39695
100521,131,0,0,0,131,0,-0.02395,0.05269,9.98005,-0.76336,-0.25191,-0.35115
100642,131,0,0,0,131,0,-0.03832,0.01916,9.98005,-0.67939,-0.35878,-0.29771
100762,131,0,0,0,131,0,-0.03593,0.02635,9.97765,-0.64122,-0.26718,-0.29771
100883,131,0,0,0,131,0,-0.04311,0.05030,9.98723,-0.74809,-0.35878,-0.33588
101003,131,0,0,0,131,0,-0.00719,0.03114,9.95131,-0.60305,-0.40458,-0.35878
101124,131,0,0,0,131,0,-0.04072,0.02395,9.96568,-0.77099,-0.36641,-0.25954
101245,131,0,0,0,131,0,-0.04311,0.02635,9.97526,-0.69466,-0.36641,-0.36641
101365,131,0,0,0,131,0,-0.04551,0.03593,9.97765,-0.55725,-0.33588,-0.41221
101486,131,0,0,0,131,0,-0.05509,0.02156,9.96807,-0.60305,-0.45038,-0.35115
101606,131,0,0,0,131,0,-0.04790,0.02395,9.96807,-0.66412,-0.44275,-0.30534
101727,131,0,0,0,131,0,-0.06946,0.01916,9.97526,-0.77099,-0.33588,-0.27481
101847,131,0,0,0,131,0,-0.05988,0.03593,9.95610,-0.62595,-0.36641,-0.34351
101968,131,0,0,0,131,0,-0.03353,0.04790,9.96089,-0.58015,-0.33588,-0.35878
102088,131,0,0,0,131,0,-0.04551,0.03832,9.95131,-0.72519,-0.25191,-0.29771
102209,131,0,0,0,131,0,-0.03593,0.04311,9.96568,-0.62595,-0.44275,-0.28244
102329,131,0,0,0,131,0,-0.04311,0.05988,9.96807,-0.73282,-0.41985,-0.35878
102450,131,0,0,0,131,0,-0.05030,0.05030,9.99681,-0.64885,-0.38931,-0.31298
102570,131,0,0,0,131,0,-0.04551,0.04072,9.96089,-0.77863,-0.32061,-0.32061
102691,131,0,0,0,131,0,-0.03114,0.03832,9.98963,-0.64122,-0.46565,-0.20611
102812,131,0,0,0,131,0,-0.03593,0.01916,9.96328,-0.67939,-0.30534,-0.32824
102932,131,0,0,0,131,0,-0.04551,0.03832,9.96089,-0.61069,-0.37405,-0.22901
103053,131,0,0,0,131,0,-0.08383,0.03114,9.97765,-0.80916,-0.44275,-0.35878
103173,131,0,0,0,131,0,-0.07904,0.03353,9.95370,-0.70229,-0.29771,-0.47328
103294,131,0,0,0,131,0,-0.04072,0.04551,9.96807,-0.77099,-0.36641,-0.35878
103414,131,0,0,0,131,0,-0.05030,0.02395,9.96328,-0.65649,-0.39695,-0.41985
103535,131,0,0,0,131,0,-0.05030,0.00958,9.95610,-0.66412,-0.44275,-0.21374
103655,131,0,0,0,131,0,-0.06706,0.04311,9.94412,-0.70992,-0.37405,-0.36641
103776,131,0,0,0,131,0,-0.04311,0.00479,9.96328,-0.67176,-0.34351,-0.38168
103896,131,0,0,0,131,0,-0.04551,0.00958,9.96328,-0.64122,-0.26718,-0.29771
104017,131,0,0,0,131,0,-0.02395,0.05748,9.97286,-0.64122,-0.36641,-0.32824
104137,131,0,0,0,131,0,-0.03832,0.01916,9.95849,-0.64885,-0.25954,-0.40458
104258,131,0,0,0,131,0,-0.05269,0.03832,9.94652,-0.69466,-0.33588,-0.34351
104379,131,0,0,0,131,0,-0.03832,0.02874,9.97765,-0.72519,-0.38168,-0.32061
104499,131,0,0,0,131,0,-0.06946,0.04790,9.97286,-0.61832,-0.33588,-0.33588
104620,131,0,0,0,131,0,-0.04790,0.06467,9.97526,-0.59542,-0.41985,-0.32824
104740,131,0,0,0,131,0,-0.09101,0.01916,9.96568,-0.70992,-0.44275,-0.28244
104861,131,0,0,0,131,0,-0.06227,0.01198,9.96807,-0.67939,-0.37405,-0.31298
104981,131,0,0,0,131,0,-0.01198,0.02156,9.93454,-0.69466,-0.32824,-0.27481
105102,131,0,0,0,131,0,-0.07425,0.05269,9.96089,-0.72519,-0.37405,-0.32061
105222,131,0,0,0,131,0,-0.05509,0.06706,9.97047,-0.76336,-0.38168,-0.34351
105343,131,0,0,0,131,0,-0.05269,0.05748,9.97765,-0.66412,-0.36641,-0.33588
105463,131,0,0,0,131,0,-0.08383,0.05030,9.95849,-0.70229,-0.49618,-0.32061
105584,131,0,0,0,131,0,-0.05030,0.05509,9.95610,-0.77863,-0.45038,-0.33588
105705,131,0,0,0,131,0,-0.06946,0.04311,9.95131,-0.73282,-0.29008,-0.31298
105825,131,0,0,0,131,0,-0.05030,0.04551,9.97047,-0.61832,-0.38168,-0.36641
105946,131,0,0,0,131,0,-0.03353,0.01198,9.94891,-0.71756,-0.34351,-0.38168
106066,131,0,0,0,131,0,-0.05030,0.05269,9.98005,-0.63359,-0.19084,-0.35115
106187,131,0,0,0,131,0,-0.03832,0.02156,9.96328,-0.72519,-0.41221,-0.34351
106307,131,0,0,0,131,0,-0.05748,0.01437,9.95370,-0.61069,-0.35878,-0.26718
106428,131,0,0,0,131,0,-0.03353,0.01916,9.97286,-0.77099,-0.34351,-0.40458
106548,131,0,0,0,131,0,-0.05030,0.05988,9.98723,-0.57252,-0.34351,-0.32824
106669,131,0,0,0,131,0,-0.06227,0.02874,9.96089,-0.65649,-0.42748,-0.43511
106789,131,0,0,0,131,0,-0.03353,0.02156,9.96328,-0.61832,-0.48092,-0.30534
106910,131,0,0,0,131,0,-0.05509,0.03353,9.96328,-0.64122,-0.31298,-0.28244
107030,131,0,0,0,131,0,-0.07904,0.00719,9.97286,-0.61832,-0.35878,-0.32824
107151,131,0,0,0,131,0,-0.06706,0.03593,9.96568,-0.70229,-0.31298,-0.28244
107272,131,0,0,0,131,0,-0.02635,0.01677,9.95370,-0.67176,-0.32824,-0.41985
107392,131,0,0,0,131,0,-0.06227,0.02635,9.94173,-0.53435,-0.42748,-0.32061
107513,131,0,0,0,131,0,-0.03593,0.03353,9.96568,-0.59542,-0.39695,-0.32061
107633,131,0,0,0,131,0,-0.06946,0.03832,9.95370,-0.72519,-0.22137,-0.38168
107754,131,0,0,0,131,0,-0.05030,0.03832,9.93215,-0.67939,-0.34351,-0.43511
107874,131,0,0,0,131,0,-0.02874,0.03593,9.96807,-0.81679,-0.37405,-0.23664
107995,131,0,0,0,131,0,-0.07664,0.00240,9.93215,-0.61832,-0.27481,-0.31298
108115,131,0,0,0,131,0,-0.01916,0.05509,9.96328,-0.76336,-0.35878,-0.30534
108236,131,0,0,0,131,0,-0.03593,0.02395,9.95131,-0.61832,-0.38931,-0.33588
108356,131,0,0,0,131,0,-0.05030,0.04311,9.96568,-0.77099,-0.45038,-0.35115
108477,131,0,0,0,131,0,-0.03593,0.01677,9.97765,-0.77863,-0.20611,-0.29771
108597,131,0,0,0,131,0,-0.04790,0.03353,9.97047,-0.64885,-0.33588,-0.34351
108718,131,0,0,0,131,0,-0.05269,0.05269,9.96089,-0.73282,-0.32824,-0.38168
108839,131,0,0,0,131,0,-0.05748,0.02395,9.94173,-0.54198,-0.32824,-0.33588
108959,131,0,0,0,131,0,-0.07904,0.03353,9.98484,-0.74809,-0.33588,-0.26718
109080,131,0,0,0,131,0,-0.06467,0.04790,9.96807,-0.72519,-0.32824,-0.35878
109200,131,0,0,0,131,0,-0.04072,0.01437,9.95370,-0.79389,-0.33588,-0.44275
109321,131,0,0,0,131,0,-0.05509,0.02635,9.98244,-0.70229,-0.41985,-0.26718
109441,131,0,0,0,131,0,-0.05748,0.01437,9.97765,-0.59542,-0.26718,-0.38168
109562,131,0,0,0,131,0,-0.06467,0.03832,9.97286,-0.71756,-0.32824,-0.35115
109682,131,0,0,0,131,0,-0.08383,0.02874,9.96328,-0.76336,-0.35115,-0.47328
109803,131,0,0,0,131,0,-0.02874,0.03353,9.96568,-0.62595,-0.25954,-0.34351
109923,131,0,0,0,131,0,-0.03114,0.02156,9.94891,-0.67176,-0.50382,-0.36641
110044,131,0,0,0,131,0,-0.04311,0.06467,9.94652,-0.54962,-0.37405,-0.34351
110165,131,0,0,0,131,0,-0.03593,0.03353,9.98484,-0.78626,-0.35115,-0.35115
110285,131,0,0,0,131,0,-0.06227,0.01916,9.95370,-0.56489,-0.33588,-0.26718
110406,131,0,0,0,131,0,-0.07664,0.02635,9.95370,-0.58779,-0.32824,-0.32824
110526,131,0,0,0,131,0,-0.08622,0.00479,9.97765,-0.54198,-0.29771,-0.35115
110647,131,0,0,0,131,0,-0.04790,0.03353,9.98723,-0.67939,-0.27481,-0.32824
110767,131,0,0,0,131,0,-0.07425,0.02156,9.97047,-0.73282,-0.38168,-0.31298
110888,131,0,0,0,131,0,-0.04072,0.00000,9.94891,-0.68702,-0.24427,-0.25954
111008,131,0,0,0,131,0,-0.05269,0.03593,9.98005,-0.67939,-0.26718,-0.29008
111129,131,0,0,0,131,0,-0.03353,0.05030,9.98244,-0.67939,-0.27481,-0.48855
111249,131,0,0,0,131,0,-0.08862,0.02395,9.95849,-0.73282,-0.15267,-0.24427
111370,131,0,0,0,131,0,-0.03353,0.04072,9.98244,-0.83206,-0.32824,-0.46565
111490,131,0,0,0,131,0,-0.04311,0.00719,9.98005,-0.72519,-0.45802,-0.42748
111611,131,0,0,0,131,0,-0.03593,0.02156,9.96089,-0.74046,-0.35115,-0.29771
111732,131,0,0,0,131,0,-0.06467,0.04790,9.95849,-0.76336,-0.52672,-0.32824
111852,131,0,0,0,131,0,-0.03593,0.03114,9.95849,-0.57252,-0.33588,-0.44275
111973,131,0,0,0,131,0,-0.06227,0.04790,9.97286,-0.54198,-0.31298,-0.19084
112093,131,0,0,0,131,0,-0.05269,0.03353,9.96089,-0.70992,-0.17557,-0.34351
112214,131,0,0,0,131,0,-0.03593,0.02156,9.93694,-0.61069,-0.40458,-0.46565
112334,131,0,0,0,131,0,-0.03593,0.04311,9.98963,-0.58779,-0.38168,-0.41221
112455,131,0,0,0,131,0,-0.04072,0.03114,9.98963,-0.78626,-0.41221,-0.25954
112575,131,0,0,0,131,0,-0.07664,0.02156,9.97286,-0.71756,-0.25191,-0.42748
112696,131,0,0,0,131,0,-0.05509,0.01916,9.95610,-0.71756,-0.38168,-0.35115
112816,131,0,0,0,131,0,-0.03114,0.03353,9.98244,-0.74809,-0.56489,-0.38168
112937,131,0,0,0,131,0,-0.05030,0.03593,9.97286,-0.74046,-0.42748,-0.41221
113057,131,0,0,0,131,0,-0.06706,0.05030,9.97526,-0.58779,-0.27481,-0.35878
113178,131,0,0,0,131,0,-0.07904,0.04311,9.96089,-0.65649,-0.41221,-0.38168
113299,131,0,0,0,131,0,-0.04790,0.04311,9.97526,-0.66412,-0.37405,-0.43511
113419,131,0,0,0,131,0,-0.02156,0.05988,9.95849,-0.65649,-0.38168,-0.49618
113540,131,0,0,0,131,0,-0.05509,0.04790,9.95610,-0.62595,-0.44275,-0.31298
113660,131,0,0,0,131,0,-0.02156,0.05988,9.96328,-0.68702,-0.32061,-0.45802
113781,131,0,0,0,131,0,-0.02874,0.03353,9.96807,-0.66412,-0.39695,-0.33588
113901,131,0,0,0,131,0,-0.06706,0.00479,9.95849,-0.81679,-0.25191,-0.34351
