1.17,2.44,8.81,38.11,-2.56,-3.21,37,187,-49
1.21,2.28,9.76,33.36,-3.45,-1.98,26,191,-41
0.97,2.53,9.74,10.40,-2.05,-1.20,26,193,-33
0.99,2.42,9.38,-7.20,-4.05,-1.21,27,182,-35
0.63,2.44,9.80,-12.75,-9.59,-4.24,31,201,-41
1.03,2.61,11.43,-1.47,-11.73,-11.95,29,188,-36
1.19,2.58,11.81,10.37,-9.05,-18.39,23,185,-44
1.04,2.52,10.83,12.14,-5.07,-21.89,30,185,-52
0.99,2.28,9.94,5.96,-2.98,-22.76,33,181,-38
1.23,1.18,9.68,-2.76,-3.13,-18.41,30,187,-47
1.12,1.75,8.93,6.69,-2.54,-11.31,25,187,-49
1.19,2.18,9.63,14.44,-1.76,-6.53,32,187,-37
1.02,2.54,9.89,9.42,-1.46,-5.27,27,187,-44
0.96,2.51,10.06,3.44,-0.92,-4.92,24,188,-36
0.88,2.83,10.00,4.79,-0.77,-4.48,26,184,-41
0.91,3.13,10.13,-7.72,1.69,-3.14,24,181,-43
1.10,2.96,9.92,-26.89,4.63,0.31,31,176,-43
0.91,2.64,9.57,-34.70,6.08,3.95,30,187,-42
0.72,2.28,9.14,-25.17,5.71,6.25,41,176,-48
0.49,2.54,9.03,-10.48,3.15,6.34,30,192,-39
0.45,2.60,9.31,-8.20,-0.08,4.69,32,192,-37
0.62,2.71,9.85,-8.47,-0.52,3.44,37,187,-32
0.73,2.57,9.68,-9.20,0.43,2.40,41,186,-41
0.71,2.41,9.66,-3.68,2.36,2.28,32,197,-39
0.76,2.55,9.93,-3.64,5.04,1.47,35,197,-37
0.98,2.35,10.13,-8.90,5.14,2.76,29,191,-43
0.94,2.34,9.99,-13.34,3.18,5.15,36,193,-36
0.66,2.52,9.67,-13.30,2.63,5.22,32,190,-44
0.62,2.53,9.64,-9.12,5.41,4.31,33,198,-43
0.71,2.47,9.75,-4.98,8.12,3.55,23,204,-35
0.93,2.32,9.81,-4.82,7.31,3.17,44,194,-39
0.92,2.28,9.79,-4.29,3.89,3.66,32,207,-39
0.77,2.48,9.79,-3.74,2.66,3.37,27,190,-37
0.80,2.62,9.99,-9.56,4.84,3.84,31,201,-43
0.94,2.57,9.99,-15.93,7.02,5.27,39,197,-32
0.83,2.48,9.89,-21.89,7.35,5.90,38,193,-33
0.81,2.28,10.03,-20.49,7.49,6.03,42,202,-39
0.75,2.31,9.92,-19.85,7.85,5.19,44,209,-37
0.75,2.21,9.94,-22.85,5.73,3.92,36,208,-41
0.96,1.83,10.54,-21.87,3.99,3.95,33,203,-43
0.75,2.14,10.92,-23.33,4.31,4.24,30,211,-35
0.72,2.03,10.31,-29.56,4.76,4.06,35,211,-35
0.69,2.14,9.93,-30.93,4.69,5.53,36,215,-31
0.68,2.24,10.40,-36.50,6.11,6.53,41,217,-41
0.50,2.05,10.53,-48.69,9.41,7.60,42,221,-32
0.43,1.98,10.14,-66.98,8.94,5.50,48,225,-41
0.43,1.37,9.94,-72.89,5.68,1.50,49,236,-30
0.78,0.92,9.51,-64.19,1.74,1.60,43,234,-38
0.60,0.87,9.27,-34.80,-0.95,2.11,50,234,-31
0.33,1.46,9.51,-5.91,-0.27,0.90,39,245,-32
0.32,1.51,9.66,1.95,-0.46,-1.23,43,242,-26
0.31,1.42,9.95,5.23,3.08,-2.22,42,253,-30
0.47,1.34,9.73,-3.82,6.28,-1.79,50,230,-33
0.89,0.86,9.17,-11.94,3.31,0.51,46,244,-33
0.96,0.66,9.36,-14.30,-4.27,2.79,43,237,-38
0.63,0.65,9.46,3.24,-6.40,3.75,52,243,-35
0.53,1.08,9.70,16.68,-6.67,3.81,48,242,-29
0.45,1.20,10.22,13.88,-4.73,2.95,43,239,-31
0.36,1.35,9.79,8.53,-1.40,2.08,44,243,-39
0.47,1.56,9.54,5.90,-1.54,1.36,42,238,-32
0.37,1.47,9.38,-1.44,-4.51,-0.73,42,236,-35
0.75,0.89,9.61,-10.18,-7.35,-0.56,43,234,-33
0.78,0.60,9.94,-5.63,-10.21,0.89,44,240,-37
0.56,1.19,9.50,15.66,-10.50,-2.05,39,245,-32
0.38,1.34,10.29,37.52,-6.63,-6.02,35,240,-30
0.65,1.28,11.08,27.93,0.45,-6.37,42,238,-32
0.70,1.19,10.50,17.08,5.23,-4.44,41,227,-33
0.66,1.36,9.88,11.25,6.66,-3.90,41,232,-38
0.76,1.40,9.24,5.21,4.66,-2.26,36,220,-29
0.90,1.16,9.72,0.76,0.85,-0.31,49,221,-42
0.66,1.49,9.92,3.98,1.50,1.12,32,226,-37
0.46,1.70,9.91,2.19,3.47,0.62,33,234,-29
0.42,1.73,10.02,-2.33,5.98,-1.11,46,234,-41
0.46,1.43,9.79,-4.17,6.08,-3.37,48,230,-46
0.66,1.23,10.18,-3.56,5.75,-3.79,42,221,-39
0.71,1.20,9.96,-11.11,6.79,-1.05,47,233,-35
0.66,1.26,9.79,-24.70,6.15,1.53,38,239,-29
0.78,1.12,9.87,-37.52,4.51,4.99,42,224,-44
0.55,1.43,9.31,-50.67,2.09,6.11,47,240,-39
0.16,1.64,9.01,-39.54,2.11,3.40,47,243,-32
0.46,1.25,9.28,-23.31,1.44,0.37,41,249,-38
0.68,0.87,9.98,-19.32,-0.03,-0.01,54,240,-35
0.68,0.80,10.25,-28.50,-0.07,1.93,46,242,-29
0.50,0.68,10.25,-33.05,0.13,2.03,55,249,-31
0.44,0.25,10.62,-27.50,2.45,1.59,56,248,-27
0.52,0.23,10.41,-19.24,4.86,1.18,46,256,-26
0.44,0.73,9.70,-8.69,4.98,0.39,53,271,-36
0.44,0.71,10.13,-2.02,5.01,-0.31,43,251,-31
0.39,0.60,10.38,-2.78,7.18,-0.53,50,259,-29
0.29,0.75,10.25,-8.43,9.78,-0.81,58,263,-29
0.36,0.79,9.77,-13.13,9.43,-1.64,49,262,-37
0.44,0.68,9.54,-13.94,5.82,-2.62,55,266,-26
0.60,0.09,10.45,-10.24,3.16,-1.53,62,261,-29
0.64,0.24,10.52,-5.73,4.22,0.21,52,270,-35
0.51,0.54,10.05,-1.66,3.98,0.39,61,265,-35
0.39,0.46,10.34,-6.57,4.20,0.27,42,255,-35
0.32,0.34,10.49,-18.36,6.00,-0.66,46,263,-26
0.18,0.48,9.88,-14.82,8.30,-2.99,53,271,-43
0.33,0.34,10.04,-6.49,10.56,-2.71,60,261,-36
0.51,0.16,9.86,-4.21,11.31,-0.67,58,261,-26
0.50,0.03,9.88,1.82,8.85,0.47,66,267,-27
0.25,0.21,10.22,-0.24,8.15,2.27,52,260,-37
0.18,0.32,10.23,-8.91,9.91,3.13,54,262,-32
0.21,0.28,9.95,-17.69,10.28,3.71,58,273,-31
0.21,0.28,9.86,-15.60,8.96,3.07,59,265,-23
0.20,0.25,9.88,-4.95,8.59,2.16,59,270,-27
0.30,0.20,9.91,-4.39,8.54,3.29,61,257,-32
0.21,0.43,9.56,-10.56,6.31,5.08,59,265,-30
0.05,0.37,9.54,-20.29,4.76,6.15,64,265,-23
0.17,0.23,9.75,-30.11,5.21,6.79,62,276,-24
0.14,0.31,9.49,-36.29,4.85,7.08,69,277,-27
-0.07,0.52,9.28,-29.32,4.02,3.64,66,272,-25
0.30,0.08,9.65,-19.02,4.15,1.56,65,285,-26
0.33,-0.20,9.76,-18.72,1.85,3.15,65,276,-19
0.06,-0.21,9.87,-20.74,0.10,3.69,62,278,-31
-0.20,-0.43,9.95,-19.90,-0.11,2.26,73,279,-23
-0.25,-0.43,10.03,-22.11,2.35,1.92,66,284,-15
-0.23,-0.11,9.66,-30.63,3.49,1.75,60,290,-12
-0.05,0.41,9.34,-37.97,3.02,-0.31,67,288,-24
0.23,-0.07,9.43,-36.51,0.07,-2.65,61,286,-20
0.18,-0.43,9.59,-34.55,-4.02,-4.45,77,297,-14
0.08,-0.95,10.05,-37.87,-4.97,-4.17,66,289,-20
-0.06,-1.20,10.49,-41.05,-3.08,-1.88,58,307,-16
-0.16,-1.71,10.52,-36.02,-1.05,-0.47,61,306,-10
-0.06,-1.44,10.34,-35.64,0.58,0.70,70,305,-7
-0.06,-0.81,9.71,-36.15,0.42,-0.09,75,310,-7
-0.13,-0.08,9.23,-28.91,-1.25,-6.32,71,303,-6
-0.59,-1.37,11.19,-4.62,7.90,-8.93,65,300,-2
0.03,-1.83,10.04,2.66,13.64,-9.45,65,317,-7
0.10,-1.99,9.86,3.95,9.09,-5.55,70,305,-12
-0.16,-1.15,8.78,8.15,3.73,-4.90,76,313,-6
-0.43,-0.54,8.03,7.34,-7.19,-8.55,67,310,-7
-0.96,-0.23,8.70,16.70,-12.00,-13.94,71,320,-3
-0.50,-0.87,8.05,22.91,-16.98,-18.23,78,289,-18
0.25,-0.98,8.85,27.90,-23.45,-17.67,61,313,-8
0.73,-0.73,9.52,27.41,-29.64,-17.45,67,307,-12
1.80,-3.33,12.33,33.29,-25.34,-12.24,59,301,-10
-0.02,-1.00,9.99,0.70,-26.26,-7.84,62,300,-19
0.73,-1.34,11.13,0.69,-19.47,-1.97,58,302,-12
0.49,-0.64,10.35,0.98,-13.93,-1.21,49,308,-20
0.42,-0.65,10.00,4.77,-10.37,-2.41,52,313,-10
0.61,-0.43,10.10,12.02,-7.28,-4.10,53,295,-24
0.67,-0.28,10.18,25.37,-4.71,-9.12,54,301,-10
0.67,-0.77,10.25,25.20,-2.49,-9.77,47,301,-20
0.55,-1.36,10.78,8.65,1.73,-6.12,55,300,-26
0.55,-1.31,10.19,0.55,5.20,-0.40,59,291,-18
0.40,-0.81,10.15,-10.10,8.11,3.56,49,279,-25
0.21,-0.80,10.04,-15.13,10.79,2.57,50,295,-19
0.28,-0.95,10.37,0.15,13.39,-0.46,55,307,-21
0.29,-1.12,10.55,6.81,17.72,0.73,59,299,-23
0.28,-0.26,10.04,-0.24,21.12,1.41,62,288,-12
0.25,0.02,9.68,-10.63,21.09,-0.10,55,293,-16
0.27,-0.40,9.86,-24.63,19.62,-0.08,59,301,-25
-0.04,-0.83,10.44,-41.18,20.61,2.55,59,306,-18
-0.15,-1.30,10.12,-59.75,23.33,6.85,55,300,-21
-0.23,-0.85,9.63,-67.76,21.92,8.42,73,308,-8
0.25,-1.88,9.91,-77.35,19.24,10.78,72,310,-7
0.58,-2.59,10.22,-93.49,17.25,21.61,71,328,-8
0.39,-1.91,10.10,-107.31,16.09,28.75,71,323,-10
-0.25,-1.36,9.33,-114.04,12.64,30.05,75,341,12
-0.42,-1.20,9.81,-122.37,12.56,28.41,69,335,-3
-0.67,-1.82,9.52,-136.78,13.85,26.42,94,348,16
-0.18,-2.98,9.65,-148.31,16.82,28.23,82,356,14
-0.02,-3.91,10.42,-136.45,23.73,35.25,84,370,29
-0.41,-2.94,9.26,-138.37,23.48,35.28,101,368,31
-0.87,-2.64,9.56,-137.02,26.60,27.37,85,383,39
-0.78,-2.65,9.10,-142.40,27.95,17.60,98,391,49
-0.77,-3.78,8.70,-160.06,26.49,12.90,102,398,64
-0.44,-5.50,8.04,-185.14,21.44,20.21,115,405,64
-1.14,-6.92,8.59,-202.34,18.47,35.08,108,421,77
-1.59,-6.80,8.44,-218.08,21.27,51.59,107,420,98
-2.04,-6.90,8.04,-231.70,23.16,60.80,112,444,119
-1.66,-7.84,8.27,-234.11,27.60,67.15,130,440,128
-1.43,-4.68,7.08,-250.14,26.92,62.02,133,460,159
-2.47,-4.53,6.09,-250.14,21.09,39.16,128,457,164
-1.32,-10.40,6.82,-237.07,27.94,40.06,134,458,192
-0.51,-14.34,4.91,-155.79,31.01,76.88,148,473,209
-1.06,-11.36,4.80,-119.06,27.32,108.91,148,471,228
-1.47,-9.31,4.49,-105.57,23.97,120.31,153,468,233
-0.04,-8.27,3.57,-114.44,30.97,138.44,175,463,245
-2.15,-8.95,2.49,-94.41,22.55,140.45,176,445,254
-3.81,-7.42,4.59,-74.33,16.99,119.14,194,451,260
-4.05,-6.10,3.77,-55.31,19.79,86.63,197,451,267
-4.01,-8.20,2.77,-59.76,11.73,72.60,205,450,266
-4.23,-8.30,3.59,-73.87,-2.11,74.46,209,439,272
-4.94,-5.77,1.47,-137.50,-20.05,53.15,211,449,279
-4.60,-6.72,1.37,-167.65,-42.82,25.89,209,439,296
-4.40,-9.14,2.97,-109.69,-36.17,34.67,205,428,297
-5.64,-6.59,3.11,-36.58,-15.50,31.35,220,438,312
-5.44,-6.83,2.34,-12.69,-6.82,1.76,216,432,306
-4.07,-10.43,2.85,0.80,-1.66,-0.52,216,429,301
-3.55,-10.81,2.27,2.73,-1.87,13.37,220,435,302
-3.28,-9.10,1.90,-22.63,-7.74,22.15,214,434,308
-3.98,-8.86,2.20,-51.81,-15.40,25.53,217,416,305
-3.99,-7.87,2.37,-65.27,-20.50,24.37,225,428,302
-4.14,-8.96,3.13,-63.85,-15.47,18.98,221,429,308
-4.95,-9.99,3.37,-41.09,-4.19,25.73,226,417,308
-5.01,-8.66,2.74,-8.85,7.05,25.48,231,422,320
-4.62,-8.08,1.97,-11.95,9.57,22.26,216,415,313
-4.28,-7.71,1.51,-20.31,6.32,19.65,231,417,325
-4.84,-7.75,1.58,-58.11,0.78,16.21,228,422,313
-4.79,-9.13,1.47,-94.28,-4.02,26.88,230,414,319
-5.23,-9.26,1.75,-94.96,-0.60,37.73,239,428,326
-6.13,-8.96,1.25,-71.39,6.40,42.24,232,414,339
-5.95,-8.50,0.48,-45.63,11.24,41.85,231,403,333
-5.91,-7.42,-0.13,-22.80,9.02,37.37,228,405,345
-5.65,-6.55,-0.41,-11.79,2.36,25.69,245,405,340
-5.87,-7.11,-0.17,-21.34,-4.40,12.16,243,403,335
-5.60,-9.23,-0.23,-16.92,-6.63,13.85,233,410,345
-5.59,-10.20,-0.31,-37.10,-12.63,24.15,244,402,341
-4.82,-12.68,5.92,-26.66,-4.40,47.79,247,392,343
-3.59,-8.15,7.20,-70.18,41.81,73.18,244,402,351
-6.06,-9.07,-0.15,-35.53,57.69,26.69,243,393,354
-4.69,-11.32,-0.49,-5.31,42.16,55.12,253,388,354
-5.64,-8.96,-1.44,-18.82,31.10,64.83,260,386,357
-5.53,-8.20,-1.08,-37.12,17.41,63.32,251,385,360
-5.63,-8.71,0.10,-53.68,9.64,69.53,261,368,363
-5.75,-8.71,-0.29,-74.18,2.36,78.81,262,364,376
-5.58,-8.15,-1.26,-92.66,-9.85,85.35,257,352,369
-5.88,-6.73,-0.78,-105.15,-21.12,86.80,271,348,368
-7.15,-4.97,0.74,-94.37,-20.22,78.14,268,341,385
-7.69,-3.85,2.33,-50.66,-0.92,58.71,282,330,379
-7.65,-6.23,0.74,-28.08,15.13,53.82,276,336,389
-6.49,-6.09,-1.34,-38.73,12.19,55.04,279,330,383
-6.73,-7.01,-1.70,-23.81,0.25,55.97,278,322,387
-7.79,-8.49,-2.02,-4.83,-9.66,73.27,272,325,381
-7.96,-7.87,-1.35,-12.08,-15.08,90.34,284,311,374
-7.88,-6.71,-1.09,-4.70,-7.33,87.22,285,297,389
-7.51,-5.57,-1.76,10.00,-3.96,70.56,285,300,387
-7.08,-6.53,-2.85,16.27,-8.34,56.38,291,294,379
-9.03,-6.10,0.04,59.02,-28.24,37.26,280,288,377
-9.39,-5.86,0.92,45.22,-11.65,27.97,293,283,380
-7.28,-4.78,-0.94,32.25,1.99,17.04,295,285,377
-7.24,-5.10,-1.29,-9.61,5.37,11.29,299,282,366
-8.48,-5.41,0.16,-64.13,14.12,9.49,295,290,377
-9.05,-4.59,0.50,-74.96,29.03,1.38,293,285,375
-8.35,-5.51,-0.99,-58.43,34.47,-0.59,290,283,389
-7.76,-6.55,-2.30,-22.37,23.68,7.81,286,289,386
-7.71,-7.12,-2.80,20.04,6.47,30.27,296,279,393
-7.49,-5.76,-1.59,41.65,-7.58,49.85,289,267,391
-7.02,-4.37,-0.99,24.53,-15.42,50.10,294,274,395
-7.46,-4.45,-0.26,-4.36,-17.20,45.72,306,267,386
-8.26,-4.21,0.65,-28.88,-8.46,36.94,302,271,382
-7.79,-5.09,-0.63,-27.49,1.16,31.81,286,267,386
-7.73,-5.96,-1.48,-7.77,0.91,40.48,301,255,386
-7.75,-5.60,-1.64,19.84,0.44,44.53,302,256,382
-7.85,-5.34,-1.75,36.80,-4.96,47.22,310,254,387
-8.23,-4.56,-0.91,33.31,-6.55,45.00,312,251,377
-8.99,-4.30,0.20,17.13,-0.75,36.40,305,244,377
-8.49,-3.48,-0.58,-8.24,3.79,21.60,299,240,388
-8.62,-3.93,-0.88,-24.02,-2.72,14.14,297,237,387
-8.82,-4.12,-1.03,-14.99,-8.79,18.66,301,238,379
-8.56,-4.56,-1.41,9.91,-10.19,21.94,305,239,387
-9.03,-4.57,-0.95,17.82,-8.88,21.87,301,248,379
-9.27,-4.10,-0.29,17.21,0.80,11.00,312,234,382
-9.18,-4.01,-0.46,7.44,6.11,1.71,308,226,379
-8.75,-3.21,-1.03,-6.89,2.08,0.66,299,233,381
-9.04,-3.58,-0.58,-11.79,-1.59,1.69,308,231,379
-9.29,-3.79,-0.40,-11.94,-1.16,2.03,303,236,371
-9.38,-3.95,-0.33,-5.30,2.12,-3.84,300,239,375
-9.87,-4.23,0.02,7.46,6.53,-12.70,307,234,380
-9.29,-3.49,-0.54,3.11,5.99,-30.87,301,233,376
-8.79,-3.84,-0.94,-10.53,-1.63,-45.99,299,245,379
-9.28,-4.27,-0.38,-11.67,-3.77,-48.27,308,240,383
-8.43,-3.50,-0.49,-19.01,0.70,-52.66,305,242,377
-8.30,-3.92,-1.26,-41.12,1.85,-65.95,307,244,382
-8.01,-4.60,-1.25,-53.02,0.26,-72.08,285,254,389
-8.43,-5.76,-1.12,-35.34,8.56,-72.61,296,253,381
-8.18,-5.63,-1.46,-22.15,11.34,-75.44,297,276,380
-7.93,-5.33,-0.80,-8.91,12.60,-78.40,294,267,381
-7.94,-5.53,-1.32,-2.12,12.37,-77.82,290,285,385
-7.90,-5.41,-1.44,8.47,3.71,-64.62,288,280,385
-7.23,-5.77,-2.16,-3.85,-3.84,-60.15,285,293,392
-7.31,-5.42,-1.94,-19.89,-11.35,-65.96,297,290,385
-7.20,-5.67,-1.88,-29.51,-13.37,-76.24,291,303,388
-7.50,-5.67,-1.20,-32.65,-8.34,-89.05,288,300,394
-7.40,-7.53,-1.25,-13.15,4.24,-100.21,284,313,393
-7.18,-7.32,-1.58,4.74,16.76,-97.49,277,311,391
-6.23,-5.28,-1.81,-6.21,22.30,-100.35,290,317,385
-6.20,-6.13,-1.28,-28.37,25.18,-104.81,277,330,405
-6.80,-7.47,-1.31,-45.86,16.53,-99.60,265,337,400
-6.79,-7.91,-1.13,-37.92,8.02,-89.04,272,337,415
-6.60,-8.67,-2.06,-23.17,3.12,-83.08,259,353,399
-6.53,-8.29,-1.79,-6.64,-0.59,-76.43,262,352,403
-6.24,-7.39,-1.47,-2.68,-1.47,-77.90,255,352,400
-6.07,-7.43,-1.25,5.84,-0.68,-75.18,247,365,406
-5.51,-8.27,-1.89,3.77,-0.83,-76.87,248,364,415
-5.60,-8.00,-2.17,-20.12,-6.64,-93.31,245,371,395
-4.93,-8.07,-2.36,-27.24,-9.98,-105.11,239,380,397
-4.83,-8.77,-2.63,-11.46,-9.96,-113.73,231,379,403
-4.86,-8.81,-2.39,-13.85,-19.76,-110.41,227,385,406
-5.13,-8.71,-1.58,-14.96,-21.49,-111.73,232,392,409
-5.39,-9.30,0.52,-24.95,-9.05,-109.18,216,403,415
-4.96,-9.39,0.33,-18.95,17.58,-106.61,224,415,415
-3.80,-8.55,-1.55,-8.24,33.28,-107.09,217,409,418
-2.68,-8.17,-2.79,-5.70,31.47,-111.13,210,414,421
-2.15,-8.36,-2.42,21.21,32.60,-109.85,204,427,429
-2.85,-9.21,-1.87,53.85,38.36,-100.31,192,429,420
-2.81,-9.13,-1.58,54.82,30.85,-94.76,187,437,417
-2.69,-8.97,-1.16,45.73,23.32,-104.24,178,441,422
-2.41,-9.43,-0.62,58.02,33.85,-115.67,173,454,412
-1.36,-8.02,0.38,49.09,42.69,-130.79,169,462,421
-0.49,-6.91,-2.17,-28.21,41.14,-152.65,151,466,415
-0.22,-9.53,-3.76,-60.21,23.71,-154.05,136,461,412
-0.17,-9.38,-4.11,-66.66,6.16,-139.96,128,465,431
-0.77,-9.55,-2.56,-64.50,-0.10,-129.70,106,467,423
-0.77,-9.93,-1.14,-57.22,13.16,-122.17,107,473,439
-1.17,-10.04,-0.43,-0.48,27.32,-112.53,92,486,440
0.19,-9.47,-1.61,16.25,33.81,-102.04,84,469,455
1.25,-9.88,-2.51,23.51,34.02,-105.28,81,490,439
0.35,-9.96,-2.77,33.88,33.56,-116.94,66,490,444
1.71,-9.23,-2.87,38.85,31.40,-123.09,61,492,451
2.32,-9.20,-2.33,34.50,24.85,-121.06,46,486,431
2.24,-10.13,-1.71,21.74,21.20,-108.90,36,506,431
2.30,-10.23,-1.43,17.69,24.38,-91.96,30,497,434
3.48,-9.14,-2.53,16.45,19.41,-91.54,23,497,439
3.38,-9.33,-2.68,4.47,7.15,-105.73,13,497,432
3.28,-8.93,-1.77,8.82,4.56,-115.25,9,491,435
3.24,-9.70,-1.29,32.13,5.34,-114.66,-2,489,428
3.74,-9.93,-1.71,36.33,3.05,-101.31,-9,491,423
3.81,-9.78,-1.37,41.56,0.62,-83.69,-16,494,423
4.19,-9.17,-0.41,41.02,2.60,-71.47,-33,498,431
4.57,-8.85,-0.45,26.54,1.98,-73.75,-31,501,409
4.44,-9.63,-0.71,22.57,5.78,-78.51,-43,501,411
4.61,-9.24,-0.60,25.54,9.75,-75.05,-41,508,418
4.63,-8.80,-0.12,31.83,13.55,-70.68,-53,501,409
4.50,-7.84,-0.33,31.61,17.97,-64.91,-58,496,406
5.13,-7.30,-0.82,40.53,17.56,-66.52,-71,497,400
6.14,-7.04,-2.37,14.56,1.56,-76.77,-67,498,411
5.99,-8.36,-1.61,11.33,-12.06,-85.12,-83,500,403
5.65,-9.35,-1.47,19.43,-18.38,-76.07,-94,494,399
5.70,-9.32,-0.91,16.59,-23.92,-54.95,-96,496,399
5.27,-8.44,0.13,14.85,-23.93,-37.37,-94,498,404
4.98,-7.37,1.35,13.84,-14.86,-24.34,-100,497,403
5.15,-6.98,1.49,8.48,1.05,-19.90,-104,496,409
5.53,-8.40,1.25,-0.34,15.21,-7.90,-99,486,399
6.03,-8.65,-0.13,-0.02,21.69,5.73,-98,488,400
6.31,-8.64,-1.07,3.59,20.11,15.48,-100,495,395
5.91,-8.34,-0.68,12.59,16.41,28.56,-98,485,391
5.88,-8.08,-0.20,22.79,14.42,44.42,-99,496,399
6.20,-8.46,0.22,23.41,11.43,62.60,-90,495,405
5.60,-9.83,0.74,5.74,10.21,82.63,-88,488,393
5.52,-10.73,-0.12,-5.12,11.46,102.23,-81,500,393
5.29,-10.84,0.14,-1.92,15.48,125.06,-76,512,400
5.17,-9.59,0.39,5.93,20.69,149.28,-60,511,402
5.32,-8.38,-0.46,6.93,18.85,164.84,-52,507,388
4.75,-8.91,0.24,7.82,15.37,173.74,-38,511,399
4.11,-9.73,0.48,13.89,16.28,182.59,-23,504,391
3.58,-9.84,0.33,1.79,19.12,189.58,-16,511,389
3.74,-9.27,-0.33,-17.12,13.03,193.11,13,507,393
3.23,-8.01,-0.23,-26.80,3.52,189.82,18,517,388
2.60,-7.53,-0.29,-21.18,2.30,181.49,42,509,388
1.94,-8.76,0.44,-8.93,3.15,180.09,58,511,387
0.52,-9.70,0.30,-11.19,11.14,179.61,69,497,386
0.13,-9.53,-0.25,-8.32,18.37,178.15,82,506,392
-0.04,-8.71,-0.35,-6.17,21.98,166.96,102,490,386
-0.34,-7.96,-0.06,-13.11,21.97,149.86,107,492,391
-0.80,-7.79,-0.31,-21.85,19.69,130.76,117,480,393
-1.26,-9.00,-0.63,-14.64,15.96,112.37,136,471,400
-1.93,-9.87,-1.18,-8.39,10.44,97.49,147,467,389
-2.21,-10.19,-1.00,-1.66,7.48,91.20,146,475,391
-2.13,-9.66,-0.90,-0.37,4.15,87.04,159,474,406
-2.49,-8.82,-0.33,-4.33,3.43,81.72,148,471,391
-2.47,-7.92,0.02,-12.79,5.25,74.76,159,462,389
-2.43,-8.12,-0.23,-27.63,3.66,64.16,168,461,398
-2.83,-9.48,-0.85,-29.35,-0.56,58.23,168,451,393
-3.20,-10.05,-1.32,-25.15,-5.53,59.72,174,462,402
-3.19,-9.64,-1.29,-16.10,-8.50,61.31,193,450,402
-3.09,-8.81,-0.71,-11.56,-8.43,60.07,180,449,403
-3.28,-8.30,-0.33,-14.67,-5.60,57.79,182,444,398
-3.53,-8.88,-0.46,-19.80,-1.73,57.89,194,432,403
-3.68,-9.07,-0.70,-19.79,2.31,58.79,187,434,400
-3.67,-9.26,-0.86,-21.98,2.88,53.83,201,426,409
-4.03,-9.09,-0.76,-20.44,5.85,47.11,205,433,409
-3.84,-8.78,-0.80,-13.61,9.19,47.21,204,429,405
-3.80,-8.38,-1.03,-15.10,10.26,49.28,211,429,405
-3.88,-9.09,-1.39,-35.59,5.08,56.89,198,423,402
-3.52,-8.73,-1.44,-39.43,0.96,62.79,219,412,410
-4.36,-8.98,-1.37,-32.39,-2.10,65.28,214,410,422
-4.54,-8.71,-1.25,-24.95,-0.47,68.67,225,404,423
-4.53,-8.26,-1.24,-18.26,4.44,69.51,228,408,417
-4.67,-7.93,-1.05,-12.50,8.69,65.84,217,399,421
-4.58,-7.84,-1.32,-10.19,8.91,60.72,225,387,406
-4.79,-7.87,-1.49,-14.00,6.75,57.54,230,375,423
-5.51,-8.13,-1.40,-20.45,6.89,60.00,231,388,415
-5.92,-8.97,-1.41,-18.85,11.45,66.82,238,386,415
-5.78,-8.51,-1.61,-15.78,14.66,70.92,243,381,422
-5.52,-7.53,-1.47,-7.31,17.66,68.57,247,370,418
-5.59,-6.58,-1.05,-3.46,22.02,59.82,250,376,429
-5.45,-6.19,-1.15,-11.46,23.80,48.90,249,363,431
-5.42,-7.25,-2.24,-23.57,18.40,43.34,256,363,421
-5.91,-8.01,-2.72,-25.44,10.44,41.73,242,358,438
-6.53,-8.47,-3.00,-27.02,2.42,46.27,251,353,423
-6.56,-7.76,-2.50,-25.38,-4.69,49.89,261,351,438
-6.50,-7.48,-2.19,-18.11,-5.05,50.81,243,347,429
-6.83,-6.91,-1.58,-12.79,0.05,51.08,251,336,428
-6.42,-6.74,-2.04,-10.44,4.20,47.44,256,336,438
-6.85,-6.90,-2.09,-12.69,4.11,41.84,259,336,435
-6.95,-7.40,-2.70,-11.32,0.18,41.11,260,337,437
-6.97,-7.21,-2.78,-11.31,-6.21,43.97,263,322,431
-6.96,-6.72,-2.52,-11.08,-11.13,44.94,265,328,434
-6.87,-6.54,-2.29,-6.00,-12.87,44.72,273,312,431
-7.17,-6.48,-2.04,-2.76,-14.11,43.38,261,322,433
-7.32,-6.33,-2.00,-1.21,-12.79,41.37,265,311,417
-7.30,-6.00,-1.83,-2.21,-9.85,38.82,267,308,425
-7.33,-5.83,-1.77,-1.95,-6.65,33.11,272,303,422
-7.42,-6.13,-1.99,-2.24,-5.40,28.90,272,303,429
-7.47,-6.20,-2.25,-4.41,-8.48,28.61,271,307,431
-7.44,-6.26,-2.44,-6.41,-12.99,30.32,270,299,420
-7.28,-6.17,-2.44,-8.55,-19.14,33.93,271,293,418
-7.53,-5.84,-2.14,-11.60,-23.45,35.47,285,297,428
-7.78,-5.69,-1.76,-9.46,-21.98,35.85,279,286,425
-8.13,-5.79,-1.58,-2.59,-14.47,35.15,285,288,418
-7.95,-5.65,-1.51,3.70,-4.82,34.95,289,289,429
-7.81,-5.62,-1.62,2.58,0.50,36.88,282,282,422
-7.63,-5.57,-1.96,-4.64,0.75,40.67,289,286,425
-7.67,-5.54,-2.10,-9.93,-2.97,43.44,277,277,415
-7.76,-5.65,-2.13,-12.26,-7.47,47.78,294,272,417
-7.88,-5.41,-2.09,-11.88,-9.59,51.45,288,273,414
-8.24,-5.28,-2.01,-10.86,-10.60,51.16,289,270,405
-8.37,-5.32,-1.95,-7.02,-10.27,49.93,283,251,421
-8.61,-5.30,-2.02,-5.21,-10.53,50.37,282,255,412
-8.42,-4.98,-1.99,-3.21,-11.11,49.92,284,257,408
-8.23,-4.82,-2.08,-4.73,-12.89,51.51,284,248,398
-8.55,-5.18,-2.18,-4.22,-15.02,57.01,294,248,410
-8.74,-4.93,-1.88,-1.05,-15.63,61.48,300,232,411
-8.79,-4.69,-1.60,3.33,-13.77,62.99,297,234,399
-8.83,-3.98,-1.49,3.40,-14.33,59.80,284,228,410
-8.95,-3.90,-1.31,2.78,-13.98,56.86,296,231,408
-8.93,-3.86,-1.37,-1.93,-12.73,54.76,289,216,400
-9.09,-3.66,-1.57,-5.88,-10.36,53.33,295,222,406
-9.10,-3.88,-1.73,-5.73,-10.15,54.69,296,209,405
-9.11,-3.45,-1.53,-5.75,-11.89,55.57,289,207,408
-9.34,-2.90,-1.26,-7.83,-11.98,53.30,297,208,397
-9.28,-2.90,-1.30,-11.37,-11.14,48.79,303,190,400
-9.44,-3.25,-1.70,-14.76,-12.55,44.44,296,202,403
-9.45,-3.44,-1.80,-13.13,-13.45,45.45,302,188,402
-9.11,-2.92,-1.77,-10.94,-12.72,45.60,296,182,391
-9.14,-2.60,-1.34,-8.21,-11.60,43.64,301,182,395
-9.74,-2.60,-0.98,-6.65,-7.77,39.11,300,174,385
-9.91,-2.41,-0.69,-5.19,-3.00,33.13,306,178,381
-9.81,-2.30,-0.97,-3.28,1.47,26.77,306,173,395
-9.57,-2.22,-1.56,-3.16,1.50,21.81,293,171,387
-9.45,-2.40,-2.00,-5.70,-3.05,17.27,297,157,394
-9.47,-2.47,-2.21,-3.67,-7.79,17.50,300,162,382
-9.53,-2.23,-1.98,-3.15,-12.44,17.85,291,163,388
-9.50,-2.06,-1.71,-1.85,-15.40,15.52,297,159,385
-9.69,-1.94,-1.39,1.43,-16.41,10.96,295,164,392
-9.82,-1.93,-1.08,4.95,-14.60,6.82,296,161,381
-9.91,-1.81,-0.87,5.18,-11.11,2.03,288,155,382
-9.92,-1.66,-0.77,0.60,-7.83,-5.05,299,158,391
-9.66,-1.69,-0.86,0.50,-3.82,-12.28,297,155,365
-9.79,-1.88,-0.96,2.24,-1.40,-17.75,297,159,375
-9.70,-1.88,-0.75,5.10,-0.34,-26.80,299,158,381
-9.79,-2.43,-0.63,15.02,2.58,-34.15,306,173,391
-9.75,-2.62,-0.47,26.93,7.08,-40.75,299,168,386
-9.51,-2.60,-0.53,36.92,11.61,-48.66,297,176,382
-9.05,-1.71,-0.68,39.35,14.00,-58.02,301,175,386
-8.62,-1.14,-1.17,27.50,10.43,-69.46,293,186,380
-9.31,-2.18,-0.55,14.31,7.82,-73.63,297,181,387
-9.51,-2.22,-0.59,-1.13,7.66,-79.95,297,203,392
-9.55,-3.13,-1.31,-12.56,8.24,-81.37,295,203,389
-9.12,-4.18,-1.77,-14.97,8.37,-74.82,305,213,385
-9.06,-4.38,-1.40,-10.51,12.23,-65.90,308,207,376
-8.93,-4.21,-1.29,-1.21,17.09,-66.23,299,209,393
-8.95,-4.30,-1.37,7.75,19.68,-72.54,305,227,397
-8.79,-4.25,-1.43,12.40,19.19,-77.75,302,227,394
-8.49,-4.26,-1.56,13.86,17.26,-82.31,296,231,393
-8.41,-4.33,-1.70,10.24,13.86,-85.18,293,239,404
-8.53,-4.66,-1.42,10.08,12.71,-85.86,299,243,393
-8.33,-5.03,-1.60,3.25,10.32,-85.93,290,263,399
-8.36,-5.82,-2.03,-1.56,6.85,-87.05,286,260,403
-8.27,-6.34,-2.08,0.37,4.76,-86.67,294,267,410
-8.14,-6.18,-2.11,3.77,1.63,-85.88,283,285,397
-7.99,-5.63,-1.76,9.56,0.63,-87.42,290,273,406
-7.51,-5.54,-1.37,12.44,0.58,-92.94,283,288,411
-7.48,-5.92,-1.35,15.10,2.81,-97.56,285,305,399
-6.95,-6.21,-1.62,14.37,3.35,-98.94,286,308,398
-6.84,-6.33,-1.70,11.52,-0.97,-100.76,277,318,403
-6.75,-6.20,-1.50,6.09,-6.48,-103.51,268,326,404
-6.72,-6.77,-1.23,7.71,-6.75,-101.95,276,336,402
-6.60,-7.14,-1.33,11.31,-4.51,-99.16,268,331,414
-6.41,-7.61,-1.63,14.39,-2.92,-97.46,257,349,403
-6.00,-7.66,-1.71,15.42,-5.11,-99.43,267,349,400
-5.86,-7.76,-1.27,19.94,-5.79,-100.74,256,363,409
-5.74,-7.47,-0.90,22.51,-3.12,-99.11,242,365,414
-5.54,-6.80,-0.96,16.66,-2.43,-100.69,248,379,405
-4.97,-6.95,-1.10,9.42,-3.95,-103.79,248,374,408
-4.67,-7.36,-1.07,3.53,-8.66,-110.02,240,391,405
-4.82,-8.50,-0.86,-7.71,-12.69,-113.89,231,393,412
-4.56,-8.68,-0.87,-7.08,-10.73,-113.23,226,408,403
-4.39,-8.28,-0.67,3.37,-5.43,-113.80,217,402,406
-4.06,-7.96,-0.75,-1.33,-1.23,-116.96,224,415,400
-3.49,-7.98,-0.91,-9.85,1.11,-120.92,205,423,402
-3.47,-8.96,-0.97,-11.89,2.24,-122.69,202,437,398
-3.03,-9.76,-1.46,-9.55,1.47,-121.82,193,435,402
-2.68,-9.90,-1.55,-3.62,-0.82,-117.26,178,437,412
-2.48,-9.78,-1.09,0.15,-0.99,-110.43,176,452,402
-2.55,-9.63,-1.10,-1.83,-0.03,-103.63,171,452,421
-2.22,-9.63,-1.43,-0.33,-0.44,-100.32,164,448,406
-1.95,-9.27,-1.37,-2.56,-1.00,-100.42,162,455,404
-1.48,-8.72,-1.18,-2.31,-0.18,-104.09,151,458,408
-1.11,-9.21,-1.43,-6.16,-3.34,-110.14,148,473,403
-0.92,-9.99,-1.65,-3.25,-3.58,-112.84,141,471,403
-0.85,-10.20,-1.48,13.26,-1.00,-109.87,130,477,402
-0.40,-10.58,-0.95,25.67,1.23,-101.66,124,480,412
-0.52,-10.36,-0.89,26.08,3.86,-89.89,107,488,415
-0.21,-9.79,-0.89,26.76,4.87,-80.44,110,485,410
0.56,-9.05,-0.95,25.98,2.57,-82.31,104,486,404
0.63,-9.22,-0.65,21.34,2.45,-91.32,101,481,397
0.54,-9.95,-0.17,23.13,6.15,-92.14,87,486,399
0.73,-9.49,-0.16,21.63,8.36,-87.92,83,492,393
1.10,-8.76,-0.33,7.56,6.33,-89.21,72,501,402
1.25,-9.05,-0.28,-1.63,3.21,-89.81,71,497,395
2.03,-10.26,-0.48,-1.13,-0.94,-85.49,59,490,405
2.14,-10.63,-0.98,-13.79,-8.63,-81.68,54,500,393
2.18,-10.83,-1.32,-8.04,-9.44,-79.44,46,503,404
2.20,-10.89,-1.57,2.15,-10.81,-72.34,47,507,408
2.26,-9.82,-1.17,17.94,-11.86,-65.21,31,511,399
2.14,-8.73,-0.56,26.09,-10.67,-66.02,37,502,398
2.21,-8.25,-0.03,27.98,-5.69,-70.89,26,498,392
2.93,-8.04,0.01,29.31,-2.84,-79.94,23,504,391
3.49,-8.54,-0.63,23.08,-4.60,-92.06,14,503,389
3.59,-8.99,-1.20,20.60,-9.73,-102.57,4,501,387
4.03,-9.37,-0.99,17.11,-17.53,-105.27,1,507,400
4.13,-9.51,-0.79,15.36,-25.37,-99.56,-7,508,394
3.65,-9.71,-0.21,12.76,-27.26,-89.65,-20,514,391
3.44,-9.57,0.40,13.49,-18.38,-79.64,-32,502,391
3.70,-8.73,0.84,13.21,-3.22,-75.98,-36,506,389
4.91,-8.03,0.30,16.78,7.46,-82.92,-41,503,382
5.79,-8.86,-0.52,10.76,11.23,-94.21,-42,507,386
5.30,-9.59,-0.97,7.84,7.76,-96.41,-56,512,386
5.42,-9.62,-0.46,12.98,5.50,-88.17,-72,511,382
5.44,-8.89,-0.46,12.60,1.50,-76.35,-66,507,379
4.91,-8.03,-0.41,9.79,-2.25,-65.98,-85,500,381
5.35,-7.69,0.50,14.51,-1.00,-63.53,-85,507,388
6.43,-7.31,-0.10,14.59,0.08,-71.78,-87,489,385
6.24,-7.80,-0.89,15.15,-1.15,-85.27,-94,501,372
6.37,-8.59,-0.42,21.39,-2.11,-88.75,-94,489,375
6.09,-8.27,-0.04,24.56,-1.68,-83.59,-111,489,368
5.80,-7.57,0.11,20.95,-1.08,-77.07,-115,490,374
5.80,-7.26,0.82,16.76,1.58,-71.87,-119,492,362
6.91,-6.82,0.86,12.18,3.67,-70.83,-128,496,368
6.75,-6.47,0.16,4.50,1.05,-73.31,-129,488,366
6.75,-7.39,0.47,4.15,3.39,-71.65,-135,484,370
7.01,-7.92,0.46,7.69,7.63,-63.05,-141,480,369
6.91,-7.57,0.45,9.15,10.31,-52.42,-142,472,365
6.84,-7.10,0.86,8.77,13.91,-44.67,-147,477,356
7.03,-6.95,1.03,5.18,19.26,-39.47,-156,473,364
7.76,-6.86,0.60,3.38,18.94,-34.97,-157,469,360
7.23,-6.51,0.52,3.50,15.99,-30.99,-146,473,362
7.12,-6.91,0.86,-0.79,14.35,-22.53,-155,467,358
7.29,-7.03,0.74,-9.04,13.47,-10.79,-170,466,374
7.23,-6.63,0.29,-11.63,9.66,-1.98,-163,466,364
7.36,-6.85,0.55,-9.28,6.95,3.46,-171,469,356
7.22,-6.56,0.49,-4.53,6.05,7.99,-164,474,358
7.27,-6.40,0.48,-0.33,4.49,10.28,-168,471,366
7.16,-6.96,0.89,-0.01,4.37,15.04,-164,481,360
6.91,-6.95,1.06,-4.34,5.56,22.89,-157,467,370
6.91,-6.70,0.90,-9.80,5.07,30.75,-171,474,368
7.16,-7.02,1.01,-15.47,3.15,38.82,-159,479,358
7.08,-7.07,0.84,-20.48,2.76,45.79,-153,478,359
6.82,-6.94,0.63,-20.55,3.51,49.39,-157,472,365
6.84,-7.43,0.74,-17.77,5.21,54.53,-151,475,366
6.91,-7.71,0.73,-18.89,7.89,61.58,-153,483,369
6.59,-7.68,0.54,-15.27,9.92,68.68,-141,483,364
6.54,-7.61,0.60,-14.21,11.72,75.01,-139,473,376
6.45,-7.58,0.36,-17.74,10.76,79.42,-125,498,368
6.38,-7.64,0.06,-17.67,5.81,83.48,-112,497,364
6.48,-8.02,0.28,-18.44,0.37,86.57,-123,491,375
6.16,-8.07,0.15,-20.98,-3.62,89.69,-104,494,375
6.00,-8.38,0.25,-16.75,-6.08,91.81,-102,502,374
5.59,-8.63,0.47,-12.89,-3.22,94.55,-100,497,379
5.40,-8.41,0.20,-10.58,-0.02,97.73,-88,500,379
4.84,-7.65,0.34,-6.50,2.75,99.10,-76,507,379
5.20,-8.36,0.47,-5.32,4.73,100.93,-71,502,383
4.69,-8.95,0.11,-7.66,5.39,103.43,-55,520,372
4.52,-9.04,0.10,-5.97,5.91,107.08,-59,500,374
4.47,-9.09,0.12,-0.12,5.31,112.65,-47,507,376
4.19,-8.81,0.32,-4.14,4.90,117.74,-27,504,379
3.85,-8.63,0.11,-12.00,1.26,120.56,-25,517,381
3.74,-8.94,-0.17,-15.30,-2.79,119.43,-19,506,380
3.13,-9.33,0.08,-20.66,-3.31,116.98,-7,511,380
2.57,-9.20,0.16,-19.37,-0.08,113.33,14,508,382
2.50,-8.83,0.05,-11.12,3.37,106.60,13,509,381
2.27,-8.87,-0.07,-9.21,5.39,96.52,16,503,387
2.12,-9.07,-0.33,-13.41,4.77,88.79,35,504,386
1.98,-9.57,-0.10,-14.91,2.05,85.69,43,506,387
1.43,-10.00,-0.14,-16.54,0.87,84.93,48,506,377
1.21,-9.86,-0.22,-18.98,1.48,84.54,56,504,381
0.94,-9.50,-0.06,-16.59,3.89,82.73,62,501,387
1.03,-9.34,-0.17,-15.22,6.48,80.25,60,501,387
0.96,-9.62,-0.51,-16.13,3.74,78.76,72,498,392
0.69,-9.96,-0.68,-13.86,-1.15,74.47,75,503,394
0.19,-9.77,-0.52,-10.89,-2.28,70.38,87,501,397
0.02,-9.72,-0.41,-6.92,-0.87,67.50,92,491,387
0.17,-9.86,-0.88,-6.87,-2.66,66.11,92,491,397
0.09,-9.84,-0.84,-7.13,-6.05,67.11,102,497,383
-0.43,-9.80,-0.21,-6.61,-7.50,69.41,107,497,395
-0.78,-10.13,-0.34,-12.35,-7.82,69.63,118,491,387
-0.76,-10.19,-0.65,-13.33,-8.15,68.82,121,489,397
-0.94,-10.13,-0.73,-4.73,-6.45,69.10,129,480,403
-0.96,-9.76,-0.81,5.64,-3.20,70.56,131,473,391
-0.94,-9.48,-0.89,7.85,-3.91,73.85,136,468,386
-1.38,-9.51,-0.37,10.03,-2.31,77.15,140,484,389
-1.94,-9.73,-0.00,9.54,3.76,77.02,148,475,395
-1.95,-9.87,-0.27,0.86,7.27,75.78,158,468,393
-1.75,-9.61,-0.62,-5.34,5.70,71.27,155,467,389
-2.13,-9.51,-0.73,-13.50,0.84,67.99,158,456,386
-2.28,-9.47,-0.91,-9.16,-1.94,67.90,163,456,381
-2.13,-9.33,-0.59,-2.92,-4.02,74.35,165,461,395
-2.58,-9.56,-0.38,1.02,-3.24,80.91,174,448,389
-2.94,-9.92,-0.74,2.05,-2.47,84.37,184,455,387
-3.34,-10.16,-0.85,1.73,-1.50,86.09,193,448,389
-3.49,-10.10,-0.67,-0.03,-0.87,89.25,198,438,392
-3.24,-9.28,-0.75,0.63,-1.89,90.16,198,440,382
-3.14,-8.52,-0.70,8.60,-1.16,86.80,205,435,394
-3.43,-8.20,-0.37,7.00,-2.65,81.43,209,437,393
-3.53,-8.21,-0.28,-0.15,-5.26,78.42,210,418,392
-4.39,-8.95,-0.37,-3.20,-6.63,79.15,217,421,382
-5.21,-9.69,-0.56,0.11,-3.47,81.47,227,414,387
-5.24,-9.74,-0.60,3.98,2.49,82.72,224,417,393
-4.82,-8.58,-0.38,7.92,8.35,80.91,232,402,387
-4.65,-7.35,0.21,8.12,11.37,74.87,242,402,377
-4.43,-6.89,0.12,1.46,11.15,68.15,231,403,379
-4.65,-6.99,-0.15,-14.19,6.22,64.66,239,394,380
-5.39,-8.11,-0.11,-19.56,2.89,65.42,240,393,388
-6.49,-8.83,-0.13,-17.60,3.88,68.98,238,388,391
-6.33,-8.74,-0.70,-16.57,7.29,72.32,253,386,379
-5.99,-8.37,-0.82,-12.30,9.46,74.58,254,370,397
-6.05,-7.47,-0.43,-10.01,11.30,75.60,251,377,382
-5.97,-6.79,0.00,-13.11,13.31,72.24,259,363,394
-5.43,-6.67,-0.86,-17.50,9.69,67.80,263,351,394
-6.30,-7.02,-0.89,-20.38,4.03,62.67,268,348,404
-6.83,-7.67,-1.08,-19.22,0.36,61.24,268,343,387
-7.13,-7.57,-1.20,-18.70,-1.45,59.81,263,341,394
-6.88,-6.95,-1.01,-16.12,-1.35,55.98,272,342,388
-6.66,-6.42,-1.13,-12.11,-1.59,49.95,278,331,385
-6.65,-6.40,-1.14,-14.50,-3.95,45.96,280,326,387
-6.97,-6.57,-0.97,-15.92,-6.12,46.08,280,329,394
-7.49,-6.74,-0.81,-11.47,-6.85,44.63,279,325,391
-7.49,-6.68,-0.91,-10.32,-7.32,43.44,286,323,391
-7.55,-6.51,-0.90,-11.10,-5.89,43.29,285,317,397
-7.53,-5.89,-0.62,-8.00,-2.18,40.53,283,312,402
-7.32,-5.89,-0.90,-3.28,1.09,38.08,285,310,389
-7.12,-6.07,-1.30,0.47,1.45,39.51,286,313,386
-7.43,-6.62,-1.50,5.89,-1.19,44.19,277,301,383
-7.70,-6.36,-1.40,8.23,-5.10,48.98,289,299,400
-7.70,-6.03,-1.07,9.79,-6.20,51.56,283,295,394
-7.76,-5.50,-0.62,7.27,-5.98,53.11,294,282,381
-7.87,-5.08,-0.33,0.69,-4.73,51.69,291,291,391
-7.85,-4.99,-0.43,0.63,-2.50,49.42,291,284,395
-7.99,-5.21,-0.74,3.08,0.11,49.89,288,280,389
-7.98,-5.42,-1.05,6.77,2.50,49.86,293,271,397
-8.46,-5.57,-1.27,13.66,2.60,51.66,295,273,387
-8.44,-5.35,-1.27,18.09,0.66,52.76,289,270,391
-8.37,-4.90,-1.03,17.96,-0.57,52.40,299,265,388
-8.47,-4.54,-0.69,13.18,-2.06,50.85,311,262,391
-8.40,-4.27,-0.70,4.42,-2.15,49.40,300,266,389
-8.84,-4.33,-0.53,-3.33,-1.26,48.00,303,265,388
-9.12,-4.45,-0.67,-9.78,-0.20,45.16,301,255,388
-8.91,-4.53,-1.06,-8.92,-0.52,44.11,299,243,383
-8.85,-4.36,-1.27,-9.12,-5.44,42.05,302,242,385
-9.04,-4.40,-1.03,-9.53,-10.34,39.94,305,230,377
-8.86,-4.09,-0.94,-6.92,-12.51,38.59,300,239,377
-9.00,-3.68,-0.65,-8.65,-13.08,36.04,308,238,381
-9.28,-3.55,-0.33,-17.02,-11.60,31.56,303,231,379
-9.43,-3.58,-0.21,-20.31,-6.53,26.63,300,227,375
-9.73,-3.89,-0.37,-20.65,-1.34,21.95,306,228,381
-9.46,-4.25,-1.01,-18.34,-0.74,19.12,300,213,380
-9.10,-3.77,-1.00,-13.78,-2.61,19.31,296,224,376
-8.92,-3.63,-0.95,-9.51,-4.65,20.15,303,211,379
-8.93,-3.41,-0.73,-5.95,-4.36,21.82,305,220,377
-9.13,-3.61,-0.62,-4.60,-2.96,24.04,307,215,382
-9.46,-3.28,-0.46,-7.57,0.51,20.34,300,205,385
-9.54,-3.23,-0.47,-9.92,3.51,13.90,302,198,385
-9.64,-3.70,-0.75,-6.94,4.65,9.16,300,203,368
-9.35,-3.55,-0.94,-5.83,3.84,7.67,300,205,387
-9.08,-3.14,-0.84,-5.40,3.18,4.31,303,204,371
-9.18,-3.18,-0.92,-5.28,2.24,1.89,313,207,376
-9.19,-3.23,-0.83,-3.44,3.71,-0.15,307,205,375
-9.45,-3.22,-0.68,-2.59,6.25,-4.49,297,203,382
-9.31,-3.15,-0.66,0.43,9.07,-11.73,300,196,377
-9.30,-3.25,-0.83,3.13,8.53,-21.59,308,204,386
-9.22,-3.39,-0.84,4.31,6.72,-28.97,312,210,389
-9.21,-3.65,-0.83,2.83,5.53,-33.77,307,208,380
-9.11,-3.48,-0.76,2.93,4.87,-38.60,305,208,380
-9.09,-3.18,-0.67,1.76,6.76,-45.55,300,220,382
-9.24,-3.69,-0.56,3.66,10.85,-54.31,299,209,379
-9.29,-4.26,-0.79,7.17,14.02,-61.60,305,227,375
-8.74,-4.12,-0.93,9.80,15.44,-67.08,302,230,385
-8.52,-3.92,-0.81,13.41,18.73,-73.55,305,230,385
-8.42,-3.82,-0.81,14.43,20.44,-79.12,297,254,387
-8.16,-3.96,-0.93,9.74,19.93,-84.92,296,245,395
-8.35,-4.44,-0.74,5.77,20.13,-90.42,300,256,397
-8.25,-4.96,-0.77,2.41,21.66,-94.65,302,266,404
-7.95,-5.07,-1.11,0.24,21.70,-99.01,299,260,400
-7.67,-5.41,-1.23,-1.77,21.85,-101.63,286,282,398
-7.64,-5.44,-1.19,-1.68,23.32,-102.24,286,282,395
-7.53,-5.59,-1.31,0.64,25.54,-104.23,285,288,404
-7.27,-6.03,-1.32,-0.73,26.53,-104.09,280,300,404
-6.89,-6.74,-1.66,-3.27,25.31,-101.24,282,306,410
-6.84,-7.14,-2.02,-0.34,22.19,-94.66,272,323,410
-6.56,-7.04,-2.15,1.23,16.16,-89.79,271,324,418
-6.37,-6.84,-1.83,3.57,9.27,-88.44,268,329,409
-6.21,-6.92,-1.27,6.26,5.98,-91.02,268,343,406
-6.30,-7.31,-1.32,8.20,7.65,-95.70,256,341,423
-6.37,-7.66,-1.39,9.18,12.44,-95.88,263,353,416
-6.10,-7.81,-1.76,11.40,15.03,-94.63,245,359,427
-5.75,-7.80,-1.76,8.99,14.19,-93.11,247,356,421
-5.50,-7.57,-1.57,9.66,15.41,-90.54,244,368,423
-5.23,-7.45,-1.41,7.79,14.99,-90.85,236,374,420
-5.04,-8.25,-1.69,6.89,13.44,-94.24,237,382,421
-4.89,-9.05,-2.15,8.50,10.63,-93.40,233,386,432
-4.89,-9.10,-2.00,16.75,8.18,-91.02,226,388,422
-4.66,-8.25,-1.70,23.11,10.63,-92.52,226,400,420
-4.23,-7.79,-1.22,20.52,14.08,-98.40,203,411,418
-4.03,-7.91,-0.83,14.97,15.79,-104.02,207,412,415
-3.54,-8.24,-1.21,5.82,11.92,-112.50,204,420,427
-3.24,-9.03,-1.58,-4.55,5.34,-121.85,191,428,416
-3.23,-9.97,-1.80,-6.76,3.15,-123.23,181,431,426
-2.83,-10.15,-1.84,1.99,2.32,-118.97,182,437,434
-2.76,-9.04,-1.36,13.60,5.42,-115.04,175,444,427
-2.58,-9.02,-0.63,27.74,16.48,-108.65,169,438,426
-1.89,-9.14,-1.08,33.49,21.05,-103.84,171,450,431
-1.36,-9.50,-1.98,22.38,6.10,-115.37,152,460,423
-1.61,-9.66,-1.69,13.24,-4.31,-129.95,145,462,428
-1.28,-9.49,-1.39,13.07,-3.79,-133.54,136,468,432
-0.51,-9.02,-1.14,19.58,-3.87,-130.02,117,471,425
-0.37,-8.86,-0.73,26.15,-2.79,-125.27,121,474,421
-0.42,-8.96,-0.29,32.78,3.86,-116.11,107,473,427
0.10,-10.05,-0.07,35.79,11.39,-105.85,107,485,420
0.74,-10.83,-1.48,24.24,3.75,-104.97,88,480,417
0.76,-11.14,-1.78,13.78,-5.56,-114.08,82,494,421
0.85,-11.05,-1.61,15.52,-11.07,-116.24,73,497,415
1.14,-9.93,-1.04,28.00,-13.99,-111.56,62,503,416
1.55,-8.60,-0.33,32.58,-14.04,-107.89,47,497,412
1.40,-8.05,0.32,18.69,-8.98,-105.94,54,507,408
1.60,-8.83,0.80,9.21,5.12,-104.47,37,504,400
1.77,-9.72,0.50,10.24,23.11,-98.98,39,504,403
2.53,-10.08,-0.26,11.13,35.92,-94.52,18,507,408
2.77,-9.77,-0.79,18.16,39.65,-95.29,18,504,410
2.86,-9.45,-0.75,27.61,39.20,-95.25,-3,502,400
3.32,-8.62,-0.38,20.06,33.95,-92.98,3,497,405
4.12,-7.54,-0.54,13.63,27.61,-94.47,-14,506,406
4.40,-7.53,-0.24,4.74,21.21,-94.70,-12,518,402
4.49,-8.82,-0.51,-7.86,12.65,-88.98,-37,517,410
4.47,-10.33,-1.12,-15.48,-0.12,-80.55,-30,504,408
4.18,-10.19,-1.00,-8.37,-10.76,-77.18,-44,507,412
4.41,-9.14,-0.77,-3.37,-17.79,-80.63,-50,506,411
4.28,-7.75,-0.07,3.48,-13.47,-91.69,-53,511,402
4.72,-7.12,0.35,-7.37,-6.76,-100.16,-66,504,405
5.31,-6.83,-0.48,-28.27,-9.21,-101.94,-66,509,400
5.89,-8.10,-0.93,-46.78,-19.85,-101.35,-73,490,412
5.85,-9.19,-0.76,-56.11,-27.53,-97.17,-89,486,418
5.57,-8.83,-0.71,-50.97,-26.29,-99.65,-87,486,421
5.52,-8.73,-0.58,-27.63,-17.37,-111.29,-106,479,423
5.56,-8.70,-0.04,-3.73,-2.76,-121.47,-113,479,423
6.00,-7.80,-0.05,9.85,9.21,-126.28,-112,471,422
6.40,-6.59,-0.63,10.77,13.51,-126.12,-119,473,432
7.17,-6.16,-1.13,9.92,8.38,-123.11,-136,468,422
7.91,-6.83,-1.42,10.58,-3.67,-114.25,-157,467,418
7.89,-7.51,-1.02,12.10,-13.18,-102.68,-158,461,429
7.67,-7.35,-0.52,12.87,-12.89,-96.99,-158,454,434
7.90,-7.02,-0.79,17.69,-12.91,-100.94,-164,455,423
7.93,-6.69,-0.44,21.79,-11.10,-107.20,-176,462,414
8.01,-5.65,-0.62,21.82,-10.46,-111.98,-179,448,423
8.63,-5.58,-1.14,16.14,-17.34,-111.86,-188,438,423
8.40,-5.65,-0.97,5.51,-26.44,-107.27,-186,438,428
8.57,-5.74,-0.43,-2.81,-30.12,-96.85,-199,432,420
8.64,-6.16,0.12,-10.89,-25.11,-84.67,-205,431,414
8.91,-7.14,-0.14,-1.76,-13.85,-72.29,-208,416,428
8.70,-6.31,-0.49,2.88,-1.71,-64.25,-214,412,412
8.41,-4.81,-0.13,-4.11,7.35,-65.19,-219,405,425
8.16,-3.84,0.27,-10.92,15.95,-67.99,-221,405,432
8.38,-3.41,-0.13,-17.82,21.25,-69.17,-215,394,416
8.67,-3.36,-1.09,-25.10,19.84,-69.83,-230,399,416
8.82,-3.77,-1.29,-27.50,14.54,-68.93,-237,406,426
9.08,-3.73,-1.31,-22.59,9.19,-66.08,-239,385,421
9.58,-4.27,-0.95,-8.87,4.68,-63.63,-247,382,421
9.17,-4.42,-0.52,1.05,5.08,-57.31,-243,379,425
8.57,-3.39,-0.31,1.95,8.13,-50.60,-253,376,415
8.33,-2.74,0.02,-1.05,14.68,-45.86,-254,382,418
8.77,-2.62,-0.17,-5.28,21.05,-47.30,-250,371,420
9.28,-2.79,-0.61,-8.08,21.02,-47.63,-259,372,418
9.39,-2.38,-1.24,-5.90,15.24,-47.55,-262,359,410
9.60,-2.81,-1.25,1.13,5.01,-46.94,-265,359,417
9.55,-3.26,-0.79,2.32,-1.83,-43.47,-272,347,415
9.41,-3.08,-0.44,-4.37,-4.63,-39.39,-274,357,405
9.11,-2.90,-0.46,-7.31,-4.31,-34.32,-267,357,420
8.89,-2.61,0.10,-10.22,-1.62,-26.66,-263,346,418
9.04,-2.63,-0.04,-11.24,2.35,-16.24,-285,346,411
9.35,-2.44,-0.82,-7.46,1.31,-7.31,-278,348,416
9.74,-2.94,-1.02,-3.07,-4.05,-1.82,-279,352,427
9.89,-2.97,-0.72,-1.23,-6.82,-0.04,-263,353,411
9.63,-3.15,-0.52,2.76,-5.30,1.19,-271,353,418
9.27,-3.02,-0.17,6.96,-2.76,5.26,-280,341,404
8.99,-2.79,0.20,7.10,0.44,12.25,-270,349,417
8.66,-2.07,0.00,1.99,3.46,21.53,-282,354,417
9.08,-2.18,-0.11,-4.44,3.71,30.20,-274,342,410
9.20,-2.25,-0.57,-7.50,2.86,33.70,-278,348,418
9.51,-2.52,-0.86,-8.37,0.87,32.10,-271,358,409
9.72,-3.03,-0.85,-5.41,-0.98,29.09,-262,362,422
9.79,-3.89,-0.68,0.08,-1.11,31.83,-266,358,416
9.70,-4.07,-0.21,2.47,0.60,38.15,-267,359,420
9.50,-4.00,0.24,-2.77,4.30,47.29,-266,372,418
9.21,-3.92,0.09,-5.92,10.37,62.37,-267,374,422
9.28,-3.51,-0.85,-6.00,10.85,74.87,-255,376,425
9.69,-4.21,-0.63,-9.22,5.76,82.58,-253,376,415
9.65,-4.60,-0.97,-8.76,0.83,87.32,-253,383,422
9.24,-4.60,-0.79,-1.69,-0.34,90.08,-247,377,416
9.30,-4.93,-0.63,5.77,-1.22,94.55,-234,382,421
9.27,-4.71,-0.44,6.57,-2.63,101.59,-243,398,408
9.14,-4.66,-0.04,1.44,-4.54,111.13,-217,404,414
9.26,-4.50,-1.25,-4.99,-14.89,115.99,-219,408,425
8.71,-4.75,-0.99,-9.32,-21.27,117.82,-205,426,426
8.46,-5.50,-0.31,-9.27,-20.08,122.24,-220,421,416
8.22,-5.82,-0.51,-7.44,-14.94,128.63,-188,433,418
8.13,-5.80,-1.03,-1.53,-10.85,130.58,-194,432,420
8.14,-5.70,-0.78,7.35,-10.50,129.24,-182,439,429
8.08,-5.16,-0.89,4.72,-12.22,127.93,-170,439,432
7.71,-4.93,-0.89,-10.69,-18.92,126.42,-163,456,425
7.34,-5.48,-0.87,-16.95,-24.80,121.65,-159,455,431
6.94,-6.31,-0.46,-13.93,-23.89,117.14,-138,462,426
6.68,-7.15,-0.82,-13.51,-19.40,116.09,-139,461,432
6.37,-7.40,-1.36,-6.99,-16.75,112.88,-119,478,429
6.35,-7.28,-1.31,-2.56,-16.64,110.50,-118,481,435
6.11,-6.67,-1.14,-1.79,-13.90,103.75,-106,477,433
5.51,-7.24,-0.50,2.18,-9.27,99.58,-106,479,433
5.24,-7.81,-0.86,2.38,-3.82,96.12,-87,479,421
5.18,-7.98,-1.07,-8.02,-3.26,90.05,-84,484,433
5.06,-7.78,-0.72,-12.42,-0.18,81.02,-77,491,433
4.72,-7.62,-0.67,-16.66,4.18,72.73,-64,495,432
4.80,-8.11,-1.01,-9.79,7.50,67.78,-59,492,437
4.56,-9.42,-1.44,-1.38,9.02,68.47,-66,488,427
4.25,-10.12,-1.73,4.05,10.50,76.90,-46,494,433
4.30,-9.67,-1.70,12.58,11.82,84.54,-44,490,432
4.20,-8.87,-1.37,19.74,12.97,86.88,-37,488,439
3.93,-8.21,-0.91,15.33,10.90,84.46,-31,496,428
3.61,-8.25,-0.60,5.01,6.53,78.87,-23,490,427
3.38,-9.48,-0.65,-2.08,4.06,78.09,-18,495,432
3.39,-9.91,-1.20,-9.24,1.21,81.53,-12,494,426
3.14,-9.98,-1.36,-11.02,0.84,85.29,-18,500,412
2.84,-9.64,-1.12,-10.95,4.61,88.15,-14,498,426
2.65,-9.62,-1.47,-11.44,6.69,90.71,0,491,438
2.64,-9.41,-1.30,-8.43,7.56,93.53,15,497,434
2.10,-9.47,-0.82,1.23,9.84,97.98,18,492,432
1.94,-9.28,-1.03,0.46,10.02,100.18,33,494,426
1.87,-8.95,-1.07,-10.27,5.84,96.02,36,489,418
1.61,-8.78,-1.06,-13.79,4.36,89.27,48,489,431
1.69,-9.20,-1.85,-13.16,1.61,83.34,46,491,428
1.57,-9.62,-1.83,-10.69,-4.74,79.90,53,479,431
0.70,-10.10,-1.19,3.59,-1.74,83.97,54,485,434
0.75,-10.50,-1.34,19.32,4.82,93.74,69,497,434
0.46,-9.80,-1.32,25.12,9.45,102.50,64,488,434
0.55,-8.82,-1.01,26.56,13.51,105.95,89,481,435
0.39,-8.19,-0.83,14.70,10.85,100.57,90,480,422
0.17,-8.78,-0.88,-1.88,1.97,88.90,95,475,420
-0.70,-10.26,-1.41,-3.09,-3.44,84.20,96,479,421
-0.88,-11.13,-2.10,-0.15,-7.95,87.59,116,477,421
-0.83,-10.95,-2.18,0.74,-14.66,93.98,117,473,427
-1.18,-9.89,-1.38,8.21,-16.65,99.73,124,478,427
-1.31,-8.63,-0.86,8.86,-15.43,103.71,124,471,415
-1.17,-7.89,-0.80,-0.49,-18.52,101.92,136,463,415
-2.13,-8.22,0.09,-11.11,-17.62,96.82,145,457,418
-3.12,-9.86,-0.23,-27.40,-12.93,93.37,155,462,418
-2.82,-10.50,-1.61,-42.45,-11.31,91.26,161,451,420
-2.95,-10.35,-1.87,-35.08,-10.05,89.18,159,452,409
-2.70,-9.48,-1.91,-22.77,-10.48,87.56,165,437,429
-2.85,-8.09,-1.49,-17.78,-13.07,82.80,180,434,427
-2.87,-7.11,-0.92,-27.97,-15.01,78.40,178,437,420
-2.48,-5.63,-0.59,-46.34,-19.13,69.44,197,432,422
-3.57,-7.19,-0.08,-55.17,-19.77,57.17,190,429,420
-4.72,-8.78,-0.92,-63.93,-17.63,59.37,204,434,432
-4.63,-10.01,-1.58,-57.57,-12.14,66.55,192,422,437
-4.89,-10.55,-1.97,-43.22,-3.34,78.93,204,410,432
-4.62,-9.97,-2.14,-32.15,3.12,92.33,210,397,428
-4.31,-9.02,-2.35,-22.95,4.72,100.38,213,404,438
-4.09,-7.71,-2.48,-23.62,0.56,101.15,209,388,437
-4.18,-6.84,-2.35,-29.12,-7.92,92.66,216,388,429
-4.98,-7.37,-2.26,-36.07,-16.34,84.17,224,381,429
-5.32,-8.40,-2.25,-41.35,-20.12,79.37,228,371,434
-5.64,-8.62,-2.53,-34.85,-22.65,78.88,233,359,429
-6.06,-8.84,-2.53,-21.18,-22.15,84.28,237,360,428
-5.88,-8.12,-2.52,-13.15,-20.46,90.82,251,346,433
-5.78,-7.19,-2.68,-8.27,-19.95,92.92,243,345,429
-6.24,-6.46,-2.28,-5.76,-19.85,96.21,253,345,434
-6.53,-6.56,-1.79,-11.50,-15.89,99.31,254,336,438
-6.95,-7.02,-2.01,-10.31,-8.34,101.27,270,316,434
-6.58,-7.12,-2.47,-8.98,-6.18,103.40,261,314,435
-6.71,-6.71,-2.39,-5.40,-8.25,101.56,267,306,432
-6.83,-6.23,-2.56,-2.11,-10.73,101.11,266,310,428
-6.77,-5.75,-2.58,-1.83,-14.70,102.63,266,297,411
-7.28,-4.78,-2.34,-5.14,-21.27,98.92,271,295,426
-8.06,-4.72,-1.82,-7.95,-22.57,90.61,274,277,425
-8.30,-5.15,-1.69,-7.35,-18.04,88.42,276,271,411
-8.33,-5.73,-2.17,-6.08,-14.95,91.25,280,266,421
-7.89,-5.55,-2.56,1.85,-14.72,94.23,271,254,421
-7.99,-5.09,-2.42,6.05,-18.45,94.47,288,254,418
-8.50,-4.79,-1.92,6.49,-23.16,93.10,293,247,404
-8.72,-4.16,-1.71,5.15,-26.42,89.15,290,242,416
-8.63,-3.94,-1.45,1.11,-29.41,84.82,286,228,408
-9.16,-3.25,-0.86,-1.21,-25.94,75.82,293,230,406
-9.46,-3.31,-0.75,-0.16,-17.50,62.78,297,225,394
-9.40,-3.96,-1.38,2.62,-9.11,58.27,291,219,398
-8.85,-4.11,-2.12,1.37,-7.96,62.60,300,215,397
-9.23,-3.96,-1.81,-2.81,-14.52,67.34,294,199,398
-9.58,-3.67,-1.44,-3.60,-18.52,67.44,295,196,394
-9.32,-2.77,-1.15,-1.28,-19.53,63.77,294,194,395
-9.07,-2.46,-1.09,-8.43,-21.92,59.93,295,188,397
-9.34,-2.12,-0.92,-15.30,-20.63,52.98,290,176,385
-9.96,-2.38,-0.85,-15.98,-11.58,47.01,296,178,386
-9.92,-2.78,-1.25,-12.68,-0.92,43.31,290,164,394
-9.46,-3.18,-2.10,-11.13,-2.70,45.48,295,167,394
-9.36,-2.77,-1.94,-8.73,-6.63,46.62,294,170,379
-9.58,-2.14,-1.37,-11.40,-8.61,45.76,293,169,387
-9.52,-1.67,-1.17,-9.60,-8.16,39.56,293,157,380
-9.45,-1.60,-1.31,-5.47,-8.56,33.45,289,153,383
-9.74,-1.71,-1.36,1.10,-4.19,31.10,297,150,377
-9.80,-1.71,-1.68,3.76,-0.24,28.08,291,141,391
-10.02,-2.19,-1.79,8.58,-2.58,25.08,294,151,383
-9.77,-2.07,-1.59,9.61,-6.05,26.37,289,148,379
-10.00,-1.57,-1.14,5.53,-9.21,24.80,286,148,391
-9.94,-1.09,-0.68,2.82,-7.43,19.36,296,131,388
-9.95,-0.91,-0.73,0.95,-3.60,13.64,291,139,381
-9.83,-1.02,-1.10,2.63,-1.69,4.56,296,139,381
-9.84,-1.39,-1.34,2.83,-2.98,-3.48,294,139,388
-9.87,-1.46,-1.25,4.81,-2.69,-7.09,291,139,383
-9.72,-1.18,-1.05,3.83,-1.65,-11.49,299,144,386
-9.82,-1.07,-0.86,-0.57,0.20,-15.05,299,136,381
-9.51,-0.71,-0.68,-3.40,1.53,-19.79,296,141,383
-9.54,-0.73,-0.67,-7.21,3.50,-25.41,296,144,376
-9.37,-1.01,-0.90,-8.12,5.56,-31.80,290,145,387
-9.54,-1.33,-1.03,-10.88,6.59,-39.01,297,138,382
-9.62,-1.60,-1.12,-10.70,9.72,-44.11,286,148,381
-9.61,-1.76,-1.12,-9.05,11.38,-48.94,294,158,379
-9.69,-1.58,-0.96,-8.76,14.40,-53.15,301,161,383
-9.52,-1.19,-0.76,-10.86,18.18,-57.82,290,157,385
-9.59,-1.45,-0.71,-13.28,22.73,-66.51,299,173,381
-9.33,-1.92,-1.20,-17.85,22.12,-77.63,299,173,391
-9.22,-2.63,-1.76,-19.53,19.50,-87.67,299,185,383
-9.24,-3.02,-1.89,-17.05,17.44,-93.66,288,184,385
-8.99,-3.23,-1.76,-9.67,18.97,-94.52,300,193,406
-8.74,-3.43,-1.55,-1.76,23.15,-95.92,297,205,399
-8.64,-4.12,-2.01,-1.33,25.65,-99.71,302,210,404
-9.03,-3.81,-1.28,-1.64,31.06,-102.14,294,214,395
-8.62,-4.09,-1.61,-2.34,37.27,-101.13,291,231,410
-8.29,-4.10,-2.05,-4.80,38.90,-97.69,289,226,408
-8.14,-4.23,-2.45,-8.33,37.68,-94.47,288,239,411
-7.88,-4.49,-2.85,-12.36,32.08,-92.84,285,242,416
-7.91,-5.40,-3.21,-11.89,22.96,-96.03,286,245,420
-8.04,-6.16,-3.03,-2.61,19.65,-94.04,285,249,423
-7.87,-6.42,-2.60,7.00,21.24,-88.63,289,260,425
-7.49,-5.72,-1.85,17.19,26.92,-87.26,278,271,423
-7.30,-4.57,-1.33,26.43,35.74,-92.11,268,283,426
-6.95,-4.96,-1.35,24.53,41.19,-101.18,276,273,428
-7.17,-6.16,-2.14,8.18,38.17,-111.82,276,290,445
-6.98,-7.47,-2.78,4.13,35.60,-114.69,256,302,438
-6.70,-8.03,-3.65,5.66,32.69,-107.67,263,319,440
-6.26,-7.11,-3.66,11.65,27.25,-100.95,256,319,438
-5.87,-6.11,-2.85,20.00,22.68,-100.98,250,333,439
-5.71,-6.02,-2.38,26.08,22.21,-101.21,250,345,437
-5.51,-6.74,-2.19,20.44,19.02,-103.09,234,339,445
-5.79,-7.89,-2.81,13.60,12.20,-113.15,237,343,445
-5.49,-8.71,-2.91,12.03,8.56,-120.46,232,351,440
-5.03,-8.59,-3.21,16.30,6.47,-121.13,232,368,450
-4.53,-8.18,-2.99,22.19,5.91,-117.51,230,368,450
-4.63,-7.66,-2.55,28.54,6.69,-111.88,213,382,443
-4.25,-7.20,-1.96,25.64,6.78,-113.50,211,383,444
-4.21,-7.96,-1.69,15.64,6.33,-121.27,202,398,449
-3.99,-8.89,-2.05,6.53,10.71,-123.01,201,402,443
-3.47,-9.14,-2.41,1.89,15.96,-120.73,191,416,455
-2.91,-9.29,-2.57,6.32,22.16,-118.77,184,411,450
-2.59,-9.03,-2.51,20.34,26.31,-117.64,179,409,450
-2.17,-8.38,-2.37,30.18,24.78,-119.99,169,435,460
-2.03,-8.61,-2.28,30.90,19.34,-125.53,161,432,454
-1.85,-9.38,-2.36,28.58,14.09,-126.52,159,440,455
-1.76,-9.89,-2.41,25.03,9.98,-124.15,144,444,451
-1.65,-10.03,-2.45,25.69,10.38,-118.44,145,448,452
-1.03,-9.72,-2.32,26.20,13.20,-113.91,129,451,444
-0.79,-9.81,-2.07,30.73,17.41,-110.88,127,454,441
-0.34,-9.40,-1.57,35.60,23.61,-108.28,115,463,441
0.12,-8.29,-1.44,41.38,27.85,-110.91,108,452,440
0.48,-8.82,-1.68,37.43,23.91,-116.03,95,471,444
0.62,-9.44,-1.82,30.85,16.09,-122.53,85,475,446
0.72,-10.85,-1.67,27.64,13.33,-120.09,76,480,429
0.96,-11.46,-1.77,29.47,14.83,-108.08,73,488,449
1.21,-10.66,-1.69,31.33,17.71,-96.99,65,479,440
1.53,-9.29,-1.17,33.29,23.12,-92.41,50,498,431
1.97,-8.56,-0.85,34.50,30.68,-92.13,33,491,431
2.40,-8.79,-1.22,28.43,30.43,-97.54,43,484,428
2.85,-9.47,-1.63,21.55,18.50,-110.46,18,492,425
2.65,-10.33,-1.83,28.09,8.37,-119.82,14,491,431
2.63,-10.38,-1.67,38.82,3.80,-118.51,4,494,423
2.91,-9.70,-0.70,47.43,4.94,-113.38,1,495,420
3.13,-8.86,-0.38,51.29,7.14,-108.76,-6,502,408
3.44,-8.35,0.26,48.37,12.60,-105.34,-7,491,411
3.71,-8.26,0.11,41.69,14.26,-104.16,-29,503,414
4.01,-8.04,-0.03,30.76,14.13,-108.71,-41,496,406
4.36,-8.82,0.07,28.34,14.42,-113.67,-44,495,408
4.73,-9.79,0.17,28.62,13.76,-111.05,-58,506,404
5.02,-9.06,-0.13,34.70,11.20,-108.89,-59,497,405
4.98,-8.97,0.08,27.61,2.09,-116.01,-76,490,395
5.27,-8.60,-0.23,23.20,-4.51,-120.21,-84,491,402
5.57,-7.85,-0.38,23.49,-6.35,-118.37,-94,491,389
5.65,-7.49,-0.17,25.39,-6.66,-114.00,-108,486,387
6.29,-7.60,0.25,22.34,-5.28,-109.26,-105,495,393
6.03,-6.67,0.33,15.05,-1.44,-108.40,-125,477,397
6.22,-7.41,0.58,19.35,5.49,-103.28,-121,489,387
6.55,-7.81,0.72,20.40,10.29,-96.37,-144,466,383
7.18,-7.27,0.23,11.16,7.34,-92.76,-144,468,381
6.91,-6.51,0.04,2.67,-1.08,-98.54,-156,473,374
7.42,-6.12,0.38,-0.85,-7.60,-104.40,-155,469,389
7.48,-5.36,0.66,-13.54,-10.13,-103.12,-159,465,380
7.65,-5.98,0.47,-19.63,-5.91,-98.65,-170,458,388
7.66,-6.82,0.10,-16.07,-3.27,-92.69,-175,449,381
7.62,-7.22,0.29,-2.42,-2.64,-88.79,-190,444,393
7.51,-6.00,0.93,9.89,2.34,-91.04,-194,444,386
7.53,-5.27,1.08,22.58,11.95,-95.25,-202,434,393
7.82,-5.03,0.94,18.63,18.80,-94.06,-214,441,388
8.46,-4.96,0.80,15.89,21.53,-89.70,-211,432,379
8.73,-5.33,0.90,1.42,20.17,-79.25,-224,422,379
9.02,-5.78,0.40,-13.61,15.37,-66.95,-225,423,380
9.14,-5.98,0.24,-16.44,6.18,-58.73,-228,425,376
8.92,-5.62,0.17,-3.79,3.11,-55.60,-225,411,377
8.74,-5.38,0.56,4.73,6.98,-51.63,-230,416,370
8.78,-4.90,1.01,5.40,11.63,-43.63,-243,410,383
8.72,-4.14,1.08,7.27,14.95,-37.08,-244,404,382
8.91,-4.33,0.89,0.07,15.05,-27.55,-249,402,375
9.29,-5.13,0.34,-7.76,6.16,-14.19,-236,395,381
9.26,-4.78,0.01,-4.76,-6.29,-4.64,-238,408,379
8.92,-4.05,0.57,2.86,-13.05,-0.22,-234,397,382
8.76,-4.16,1.06,0.99,-10.98,1.07,-239,394,380
8.53,-4.45,1.06,-4.60,-5.27,3.52,-245,393,393
8.13,-4.38,1.08,-3.81,1.94,7.73,-237,399,375
8.26,-4.40,0.81,-6.11,5.15,10.46,-245,400,381
8.76,-4.67,0.44,-6.24,-1.08,14.08,-250,400,376
8.99,-4.97,0.23,-2.05,-11.79,22.10,-240,403,366
8.87,-4.90,0.34,1.53,-18.02,33.15,-244,392,385
8.90,-4.61,0.66,2.03,-16.97,42.40,-238,395,379
8.57,-3.66,1.01,-7.56,-11.73,44.31,-238,405,381
8.50,-3.84,0.98,-15.15,-6.32,41.50,-240,412,383
8.39,-4.11,1.02,-20.21,-1.48,34.77,-228,415,386
8.51,-4.25,0.73,-23.00,-0.14,29.57,-227,411,382
8.44,-4.80,0.42,-22.50,-1.14,29.09,-226,412,381
8.62,-4.73,0.12,-17.63,-3.20,30.89,-220,414,385
8.75,-4.89,0.10,-11.22,-5.46,33.25,-219,425,381
8.56,-5.10,0.23,-5.93,-6.89,34.88,-217,423,387
8.39,-5.23,0.25,-3.92,-6.27,35.40,-211,412,381
8.13,-5.83,0.67,-4.15,-2.13,35.38,-216,429,395
8.52,-6.00,0.24,2.53,7.66,37.08,-219,434,388
8.61,-5.36,0.18,0.85,12.08,38.22,-207,427,391
8.74,-5.43,0.41,-2.64,12.21,33.49,-204,437,391
8.06,-5.12,0.62,-16.35,3.97,32.73,-198,438,397
7.90,-5.11,0.51,-13.35,0.52,34.01,-197,432,400
7.49,-5.37,0.54,-15.02,2.90,35.33,-197,432,398
8.04,-5.00,0.37,-22.59,4.84,36.45,-204,437,398
8.09,-5.51,-0.02,-29.47,2.12,37.69,-197,451,393
7.83,-5.37,0.62,-29.63,-1.41,40.09,-192,439,391
8.13,-4.82,0.35,-30.54,-6.09,37.76,-198,445,394
8.17,-5.43,2.59,-16.54,-3.10,31.40,-185,437,403
8.56,-6.07,1.29,3.38,20.24,26.31,-188,435,397
8.10,-7.60,0.94,8.05,23.74,26.30,-194,444,395
8.23,-7.38,-0.50,16.98,24.98,36.84,-190,449,398
7.78,-6.23,-0.66,10.05,16.11,35.53,-174,448,394
7.37,-4.78,-0.63,-4.18,6.80,32.57,-185,449,395
7.50,-3.91,-0.57,-23.66,-0.22,22.47,-184,443,387
7.83,-4.44,-0.57,-26.56,-10.57,13.41,-185,456,391
7.60,-4.82,0.27,-12.83,-13.85,3.72,-173,446,398
7.07,-4.62,0.51,3.54,-6.87,-8.70,-178,449,403
7.12,-5.26,0.26,14.47,0.46,-20.18,-181,455,406
7.20,-6.19,-0.15,19.91,2.21,-23.53,-179,450,399
7.05,-6.42,-0.31,12.56,-0.80,-21.47,-180,451,395
7.19,-6.79,-0.38,2.56,-4.08,-15.72,-188,465,397
7.41,-7.04,-0.27,-16.83,-9.70,-8.73,-179,457,392
7.48,-6.81,0.07,-27.78,-11.88,-2.90,-190,451,405
7.75,-6.58,0.24,-29.66,-10.44,-0.81,-181,455,399
7.43,-6.33,0.59,-17.70,-3.76,-1.95,-181,440,404
7.22,-6.50,0.49,-2.38,5.70,-6.58,-181,450,404
7.28,-7.00,-0.02,9.01,12.28,-7.16,-186,445,399
7.19,-7.24,-0.45,9.73,9.98,-4.22,-187,434,403
6.86,-6.94,-0.61,0.69,3.31,0.96,-187,439,403
6.83,-6.50,-0.71,-10.94,-3.05,6.23,-186,448,394
7.03,-6.17,-0.80,-24.02,-11.22,8.56,-185,441,405
7.41,-5.87,-0.58,-22.81,-19.33,6.88,-191,445,404
7.10,-5.71,-0.03,-19.70,-24.27,4.50,-179,450,406
7.17,-5.77,0.47,-11.16,-21.53,1.60,-181,443,414
7.12,-5.97,0.62,-2.15,-15.33,-2.28,-180,444,412
7.50,-6.43,0.51,4.00,-10.59,-3.25,-180,451,415
7.57,-6.50,0.45,7.72,-8.40,-1.47,-186,433,409
7.34,-6.42,0.55,1.49,-5.81,2.34,-182,444,410
7.20,-6.05,0.46,-9.96,-3.00,4.02,-186,443,414
7.13,-5.80,0.13,-16.19,-0.16,3.27,-187,444,400
7.17,-5.85,-0.30,-20.69,-0.29,1.45,-176,450,416
7.41,-5.91,-0.57,-19.09,-2.48,-1.08,-171,448,416
7.72,-5.96,-0.60,-10.51,-4.63,-3.23,-176,440,421
7.41,-5.96,-0.39,-3.53,-6.11,-6.50,-180,444,422
7.75,-6.28,-0.28,0.67,-4.66,-9.36,-184,438,418
7.52,-6.75,-0.26,4.49,-2.95,-9.00,-179,448,416
7.44,-6.47,-0.18,0.32,-2.16,-6.39,-188,450,414
7.34,-6.14,-0.16,-5.43,-0.73,-5.73,-181,457,418
7.25,-6.06,-0.42,-10.98,1.44,-6.73,-178,441,422
7.45,-6.61,-0.78,-10.67,2.63,-9.66,-174,445,421
7.65,-7.08,-1.13,-8.08,1.60,-9.31,-171,450,421
8.02,-7.16,-1.38,3.07,-2.20,-6.13,-184,445,418
7.84,-7.06,-1.19,9.35,-7.84,-2.86,-179,445,423
7.92,-6.54,-0.88,14.11,-9.74,-0.35,-176,438,428
7.73,-6.47,-0.56,13.95,-10.27,0.51,-186,445,418
7.63,-6.42,-0.45,6.12,-10.15,3.69,-181,448,423
7.53,-5.76,-0.20,-3.08,-10.08,5.12,-176,440,414
7.55,-5.36,-0.20,-5.68,-7.56,1.84,-176,440,421
7.69,-5.20,-0.18,-3.53,-6.10,-2.82,-178,441,429
7.82,-5.99,-0.16,-0.45,-4.50,-6.66,-175,439,415
8.08,-6.63,0.06,5.94,-2.56,-6.82,-180,449,412
7.87,-6.64,0.19,8.82,2.88,-3.92,-184,443,414
7.85,-6.53,-0.10,5.69,6.82,1.00,-181,438,426
7.81,-6.30,-0.39,3.60,7.44,3.54,-175,439,425
7.52,-5.90,-0.59,0.75,6.64,4.05,-178,434,420
7.50,-5.94,-0.83,-1.25,6.44,3.79,-179,450,416
7.49,-5.87,-1.07,1.47,4.63,3.69,-181,440,421
7.41,-5.99,-1.29,3.44,0.11,4.40,-180,451,415
7.53,-6.05,-1.20,3.74,-5.61,4.14,-178,439,417
7.56,-6.24,-0.89,7.21,-9.79,5.25,-185,441,425
7.39,-6.16,-0.53,7.04,-12.63,8.27,-178,441,415
7.29,-5.90,-0.24,1.21,-14.79,11.82,-185,446,417
7.21,-5.57,0.08,-4.27,-15.27,11.99,-178,449,420
7.25,-5.58,0.27,-3.50,-12.15,8.23,-168,446,410
7.38,-5.77,0.38,1.39,-7.60,3.11,-171,450,426
7.30,-6.03,0.33,4.92,-1.47,0.47,-179,443,414
7.27,-6.11,-0.03,2.76,3.21,0.46,-168,441,420
7.37,-5.97,-0.51,-2.20,3.29,2.37,-174,448,423
7.49,-6.09,-0.69,-5.96,-1.47,3.95,-170,451,420
7.31,-5.88,-0.42,-2.59,-3.91,3.29,-173,454,417
7.14,-5.84,-0.27,3.44,-0.99,0.53,-170,441,420
7.20,-6.09,-0.40,6.76,2.96,-2.23,-169,438,421
7.54,-6.80,-0.88,10.59,2.60,-2.43,-171,457,418
7.85,-7.54,-0.90,15.51,-2.08,0.81,-175,444,410
7.65,-7.62,-0.48,19.56,-4.15,7.05,-175,456,415
7.40,-7.16,-0.34,15.75,-2.48,13.86,-168,449,422
7.54,-7.06,-0.43,8.02,-3.17,19.97,-173,449,410
7.79,-7.46,-0.32,4.53,-7.72,25.04,-171,455,411
7.92,-8.03,0.38,9.30,-7.98,31.31,-173,454,400
7.39,-7.47,0.97,24.28,4.16,36.61,-174,467,416
7.05,-7.18,0.64,31.95,19.06,37.69,-161,449,415
7.52,-7.84,0.02,35.33,25.61,39.77,-161,458,410
7.64,-8.42,0.00,37.72,24.56,47.11,-167,455,404
7.03,-7.83,0.40,45.72,25.96,56.86,-152,472,392
6.50,-6.62,0.41,36.79,31.60,64.80,-156,463,388
5.55,-5.44,-0.22,21.66,38.25,65.98,-148,473,386
5.85,-5.73,-1.42,4.90,33.33,61.51,-148,473,388
6.06,-6.56,-2.07,-10.66,13.61,58.38,-138,474,380
6.89,-7.75,-2.00,-19.76,-11.85,58.11,-134,483,379
7.48,-8.38,-0.71,-10.10,-32.83,61.54,-125,481,392
6.81,-6.65,1.18,0.08,-36.09,61.60,-131,478,388
6.41,-5.05,1.93,10.19,-24.28,51.89,-116,484,387
6.16,-5.07,2.32,0.26,-14.98,35.55,-115,480,386
5.92,-5.04,2.38,-7.36,-3.28,17.85,-107,483,388
5.77,-5.35,1.74,-20.76,8.80,2.08,-106,486,389
6.27,-6.74,0.82,-23.87,13.80,-11.02,-111,494,394
6.67,-8.29,0.29,-11.77,14.72,-18.95,-111,481,399
6.67,-8.94,0.21,4.98,14.54,-20.21,-117,485,391
6.52,-9.09,0.13,8.11,14.26,-16.64,-119,485,400
6.42,-8.88,-0.23,5.53,13.08,-9.15,-105,478,395
5.81,-7.52,-0.44,-5.01,10.79,-6.94,-115,471,395
5.70,-7.52,-0.80,-15.38,6.82,-10.33,-112,490,391
6.00,-8.89,-0.78,-21.31,0.00,-12.06,-112,483,398
6.19,-9.92,-0.39,-15.31,-4.12,-5.20,-115,480,400
6.06,-9.54,-0.03,-11.17,-5.45,3.89,-127,490,403
6.13,-8.05,-0.03,-4.06,-5.15,3.77,-124,483,395
6.19,-7.53,-0.31,1.79,-8.28,-1.40,-115,483,395
6.10,-7.69,-0.25,3.90,-13.18,-3.30,-118,484,404
5.72,-7.48,-0.15,2.23,-13.35,-3.11,-102,471,395
5.73,-7.56,-0.37,-8.89,-14.33,-3.27,-122,488,405
5.90,-7.61,-0.50,-9.96,-16.15,-3.69,-123,481,397
6.41,-8.32,-0.20,-3.24,-20.49,-7.15,-128,489,394
6.48,-9.10,0.67,10.59,-19.57,-6.61,-118,486,404
6.15,-8.57,1.22,18.11,-8.61,0.16,-119,485,403
5.65,-7.30,1.02,14.50,3.91,5.67,-116,481,402
5.19,-6.06,0.26,4.25,10.92,3.76,-119,480,393
5.07,-5.42,-0.58,-8.37,10.48,-2.50,-122,483,388
5.97,-6.23,-1.14,-13.93,1.19,-11.62,-112,480,403
6.25,-8.02,-0.59,-5.47,-8.15,-15.75,-124,483,391
6.12,-8.54,0.01,6.54,-8.63,-11.21,-122,478,393
6.07,-8.15,0.12,10.79,-4.65,-3.07,-115,475,408
6.07,-7.18,0.11,3.73,-5.82,4.12,-117,485,405
5.97,-5.91,0.30,-2.46,-7.01,3.34,-118,491,397
5.84,-5.21,0.67,-10.38,-4.80,-5.87,-123,484,397
6.18,-6.24,0.62,-8.81,1.34,-14.89,-119,492,405
6.32,-7.53,0.37,-7.43,5.65,-16.35,-127,475,400
6.42,-7.72,0.07,-3.02,6.98,-12.74,-133,481,402
6.23,-7.21,-0.19,-1.80,5.73,-10.05,-122,483,400
6.21,-6.73,-0.44,-1.05,2.56,-11.65,-124,480,395
6.19,-6.65,-0.54,0.40,-1.72,-15.11,-127,475,405
6.26,-6.75,-0.45,2.92,-5.00,-17.96,-127,480,405
6.33,-7.16,-0.16,5.07,-6.65,-19.51,-121,474,402
6.41,-7.71,0.13,5.59,-5.09,-19.38,-130,477,406
6.62,-8.29,0.19,5.87,-2.46,-16.31,-133,481,394
6.76,-8.59,0.21,6.50,-1.53,-10.11,-139,475,391
6.59,-8.33,0.27,1.71,-1.47,-2.23,-122,475,400
6.61,-7.62,0.29,-2.98,-1.63,1.13,-133,474,402
6.39,-7.30,0.28,-4.73,-1.46,1.16,-133,474,399
6.49,-7.21,0.20,-4.24,-1.28,-0.81,-138,477,397
6.57,-7.64,0.25,-3.04,-0.50,-1.56,-134,471,403
6.57,-7.65,0.36,-2.18,2.16,-0.72,-139,483,395
6.58,-7.60,0.30,1.46,5.20,-0.82,-141,471,400
6.42,-7.64,0.24,0.02,7.16,1.44,-135,481,404
6.27,-7.28,0.07,-3.69,8.00,3.30,-123,479,406
6.25,-6.95,-0.21,-6.08,7.56,1.88,-129,475,391
6.27,-7.04,-0.41,-5.62,6.66,-0.81,-136,480,403
6.37,-7.70,-0.48,-1.53,6.15,-1.78,-134,473,400
6.32,-7.95,-0.52,-0.20,5.76,0.66,-130,479,414
6.22,-7.67,-0.62,-3.79,4.42,5.47,-130,469,399
6.39,-7.26,-0.66,-4.63,0.98,8.94,-133,477,397
6.20,-6.72,-0.57,-2.37,-2.76,8.07,-144,468,403
6.18,-6.51,-0.42,-2.65,-6.71,3.14,-125,477,399
6.36,-6.67,-0.07,-1.13,-9.34,-1.73,-129,475,395
6.52,-7.23,0.23,1.56,-9.49,-4.53,-130,484,404
6.55,-7.47,0.49,3.44,-7.63,-4.99,-140,479,397
6.60,-7.51,0.64,1.59,-4.21,-4.50,-131,471,398
6.63,-7.36,0.69,1.85,-0.08,-3.71,-131,473,393
6.51,-7.22,0.58,0.13,3.62,-3.81,-133,479,404
6.56,-7.53,0.38,-2.36,6.02,-3.09,-138,477,404
6.44,-7.86,0.18,-4.91,8.27,-0.96,-140,484,406
6.40,-7.82,-0.12,-5.99,9.44,1.33,-134,473,405
6.42,-7.63,-0.51,-6.96,7.77,2.47,-131,475,400
6.51,-7.47,-0.60,-2.37,3.60,2.73,-134,471,403
6.29,-7.19,-0.47,-0.17,0.27,1.24,-139,480,400
6.36,-7.28,-0.32,-0.81,-1.37,-0.92,-133,469,406
6.45,-7.52,-0.24,-1.50,-3.08,0.13,-135,472,394
6.51,-7.60,-0.09,-1.09,-4.35,0.83,-133,474,404
6.50,-7.57,0.16,3.00,-3.74,1.22,-141,473,400
6.27,-7.14,0.36,3.26,0.26,1.79,-125,469,402
6.26,-7.02,0.19,-0.11,3.50,0.92,-136,480,403
6.34,-7.02,-0.14,-2.39,3.03,-0.38,-135,472,399
6.39,-7.11,-0.23,-3.92,-0.21,-1.77,-140,477,397
6.44,-7.33,-0.04,-1.99,-2.47,-2.40,-134,478,403
6.40,-7.29,0.24,0.64,-1.28,-2.68,-129,478,405
6.44,-7.39,0.22,-1.31,1.10,-2.22,-138,469,399
6.49,-7.31,0.14,-0.47,2.53,-1.45,-138,472,406
6.41,-7.08,0.05,-0.97,3.25,-1.64,-127,478,398
6.35,-7.05,-0.12,-0.86,3.75,-3.16,-121,474,399
6.45,-7.30,-0.16,-0.27,1.69,-3.71,-129,471,403
6.35,-7.29,-0.00,-0.17,0.01,-3.46,-136,468,408
6.33,-7.40,0.15,-2.58,0.27,-2.78,-129,473,398
6.32,-7.56,0.17,-1.15,2.87,-2.56,-136,471,403
6.30,-7.72,0.00,-0.17,5.02,-1.27,-142,481,389
6.31,-7.42,-0.30,-2.41,4.39,0.54,-127,475,403
6.16,-7.22,-0.46,-3.53,1.77,2.02,-144,471,395
6.16,-7.16,-0.45,-6.42,-1.03,1.13,-141,478,403
6.22,-7.36,-0.35,-4.40,-2.44,-0.11,-136,466,405
6.26,-7.46,-0.27,-4.57,-3.00,0.02,-130,477,394
6.29,-7.53,-0.21,-2.50,-3.35,0.56,-134,475,408
6.31,-7.60,-0.25,-1.53,-4.04,1.61,-140,479,404
6.43,-7.30,-0.30,-0.35,-5.82,2.04,-140,469,404
6.29,-6.95,-0.13,-0.37,-8.52,1.06,-136,473,408
6.48,-6.91,0.14,-1.40,-9.68,-0.53,-130,477,409
6.53,-7.00,0.50,-2.08,-8.31,-2.20,-127,473,405
6.54,-7.11,0.70,0.49,-3.91,-3.92,-130,477,409
6.53,-7.24,0.68,2.79,2.19,-5.56,-136,480,400
6.51,-7.41,0.33,1.84,6.52,-5.30,-129,468,408
6.52,-7.42,-0.09,0.13,7.37,-3.40,-127,468,403
6.29,-7.09,-0.45,-1.91,5.89,-2.51,-140,465,406
6.48,-7.22,-0.72,-4.08,1.56,-2.82,-135,469,406
6.56,-7.46,-0.59,-4.34,-3.77,-2.57,-139,468,398
6.46,-7.49,-0.20,0.29,-3.99,-2.13,-138,472,409
6.42,-7.39,-0.10,1.59,-1.56,-2.83,-146,471,400
6.49,-7.39,-0.29,2.34,-0.79,-1.69,-138,474,416
6.44,-7.23,-0.38,1.44,-2.11,-1.48,-136,483,405
6.48,-7.13,-0.43,0.55,-4.18,-2.23,-141,480,403
6.66,-7.40,-0.35,-0.39,-7.98,-2.47,-128,479,397
6.68,-7.53,-0.02,-0.82,-10.41,-0.74,-131,480,408
6.79,-7.74,0.37,-2.98,-9.71,0.95,-130,477,404
6.82,-7.76,0.57,-5.98,-5.86,2.61,-134,473,412
6.80,-7.51,0.45,-4.73,0.61,3.52,-131,480,393
6.87,-7.16,-0.04,-0.60,4.98,3.05,-140,474,406
6.91,-7.15,-0.46,4.43,5.23,1.34,-133,462,402
6.79,-7.15,-0.63,6.79,3.56,0.59,-135,474,406
6.74,-7.31,-0.73,2.65,0.24,1.80,-134,473,403
6.76,-7.15,-0.83,-1.19,-4.85,4.02,-138,467,411
6.72,-6.93,-0.62,-2.55,-11.80,4.89,-134,478,405
6.66,-6.90,0.00,1.47,-15.29,3.56,-125,484,404
6.61,-7.13,0.63,6.07,-12.90,0.98,-129,475,405
6.72,-7.31,0.94,7.93,-6.09,0.06,-142,474,406
6.76,-7.43,0.90,7.15,0.92,1.47,-134,478,395
6.58,-7.19,0.78,4.58,6.82,1.78,-139,473,410
6.35,-6.97,0.37,1.47,11.21,0.76,-136,475,403
6.38,-7.24,-0.06,-2.24,11.92,-1.28,-128,481,392
6.52,-7.79,-0.41,-2.43,10.72,-0.88,-121,477,399
6.45,-7.98,-0.42,0.04,7.91,2.61,-136,471,400
6.09,-7.49,-0.33,0.70,6.18,4.06,-136,478,398
5.91,-7.34,-0.33,0.16,5.52,3.19,-128,479,404
6.00,-7.54,-0.39,-1.05,2.51,2.76,-129,471,400
6.04,-7.49,-0.12,-1.94,-1.37,3.73,-133,474,402
6.01,-7.29,0.22,-0.44,-1.58,3.16,-124,471,405
5.95,-7.18,0.48,-0.51,1.40,1.89,-135,477,399
5.87,-7.21,0.40,-2.34,7.03,0.66,-133,472,397
5.94,-7.56,-0.04,-0.65,11.66,-1.18,-127,483,391
5.89,-7.74,-0.46,2.65,12.46,-1.03,-123,479,389
5.86,-7.65,-0.73,3.52,9.01,1.37,-129,468,400
5.75,-7.38,-0.83,3.05,3.47,3.11,-125,481,399
5.80,-6.98,-0.82,1.60,-3.16,2.48,-135,481,392
5.93,-6.76,-0.58,-0.50,-9.05,0.52,-130,479,394
6.05,-6.82,-0.13,-2.01,-10.73,-1.78,-130,467,399
6.17,-7.25,0.23,-2.60,-8.02,-3.61,-133,477,402
6.20,-7.57,0.29,-0.96,-2.45,-3.49,-128,472,389
6.25,-7.44,-0.03,3.37,2.25,-2.71,-124,475,391
6.20,-7.00,-0.45,2.05,2.43,-3.06,-133,474,394
6.33,-6.57,-0.80,1.21,-1.94,-5.32,-127,483,398
6.48,-6.70,-0.79,0.71,-8.73,-9.00,-144,471,400
6.57,-7.06,-0.50,1.35,-13.89,-10.96,-130,474,399
6.70,-7.65,-0.01,2.22,-15.65,-9.99,-130,474,392
6.95,-7.73,0.30,3.49,-14.23,-6.88,-134,473,400
6.95,-7.53,0.55,3.64,-11.93,-4.59,-138,477,404
6.76,-7.11,0.75,1.79,-8.33,-3.98,-127,471,398
6.68,-6.74,0.81,-0.05,-3.16,-5.64,-133,467,397
6.73,-6.76,0.63,-1.38,0.92,-8.93,-130,477,404
6.67,-7.20,0.46,1.61,5.27,-11.38,-134,473,405
6.68,-7.67,0.07,-0.77,8.24,-11.08,-129,471,400
6.83,-7.88,-0.31,-0.85,8.33,-8.11,-144,473,393
6.74,-7.65,-0.55,1.97,5.07,-5.74,-148,466,408
6.62,-7.31,-0.62,0.56,0.98,-4.42,-139,475,395
6.62,-7.22,-0.57,-3.66,-3.60,-3.20,-140,477,397
6.77,-7.36,-0.34,-5.34,-7.24,-2.60,-136,471,400
6.73,-7.42,0.09,-3.05,-7.41,-1.53,-138,477,404
6.68,-7.33,0.38,-1.75,-4.47,-1.18,-139,473,395
6.67,-7.23,0.41,-0.86,-0.64,-0.27,-133,479,404
6.67,-6.88,0.29,-0.79,1.55,-0.28,-146,468,405
6.58,-6.70,0.16,0.28,2.77,-2.37,-136,478,400
6.55,-6.79,0.05,0.24,3.18,-4.76,-144,475,393
6.66,-7.22,0.04,-3.47,2.82,-4.85,-147,481,406
6.71,-7.60,0.03,-4.43,3.10,-2.93,-145,467,394
6.58,-7.49,0.02,-5.13,4.50,-0.38,-142,477,406
6.59,-7.31,-0.17,-3.83,6.10,1.22,-145,472,394
6.52,-7.11,-0.25,-2.79,6.75,0.35,-139,471,405
6.48,-7.01,-0.37,-1.48,6.27,-0.66,-138,472,404
6.43,-7.06,-0.48,-1.63,4.75,-0.59,-136,466,400
6.52,-7.15,-0.51,-2.56,1.58,-0.12,-140,467,399
6.56,-7.15,-0.40,1.42,-0.82,-0.04,-138,469,402
6.46,-7.12,-0.07,2.87,-1.97,-0.05,-139,473,391
6.34,-7.31,0.12,2.99,0.25,0.94,-144,473,400
6.38,-7.60,0.07,0.85,2.95,3.85,-138,474,406
6.48,-7.61,-0.01,-1.31,2.79,8.09,-150,469,394
6.40,-7.09,0.04,2.13,2.87,9.65,-135,479,397
6.21,-6.82,0.17,5.08,4.33,7.75,-136,480,398
6.17,-7.01,0.28,6.31,6.36,6.66,-139,475,398
6.22,-6.94,0.24,10.12,8.82,6.52,-129,468,386
6.10,-6.91,0.12,11.36,11.11,5.76,-123,474,397
6.32,-7.40,0.06,13.53,12.05,5.85,-136,478,393
6.35,-7.76,-0.06,15.78,12.47,9.33,-140,474,380
6.48,-8.06,0.27,19.42,14.23,13.73,-134,473,393
6.48,-8.22,0.59,26.31,18.89,18.01,-127,475,383
6.01,-7.74,0.65,31.38,26.65,22.31,-127,475,388
5.67,-6.97,0.08,32.54,32.81,22.18,-131,480,386
5.74,-6.77,-0.70,35.70,33.14,17.98,-138,474,380
5.56,-6.72,-1.25,43.09,25.24,15.22,-144,480,374
5.57,-7.01,-1.14,46.07,12.08,13.85,-138,494,368
5.41,-7.24,-0.33,45.27,1.23,15.37,-133,477,368
4.97,-6.84,0.20,37.46,-2.98,17.78,-136,480,359
5.04,-6.64,0.23,27.39,-6.03,16.10,-127,488,357
5.24,-6.96,0.40,25.06,-10.20,12.15,-125,486,348
5.35,-7.18,0.58,16.19,-14.27,10.81,-124,483,352
5.63,-6.95,0.80,8.53,-18.80,10.98,-117,480,357
5.78,-6.68,1.20,6.15,-21.49,5.37,-122,492,354
6.16,-6.90,1.54,19.73,-17.21,-4.82,-110,490,362
6.44,-7.66,1.83,33.42,-12.15,-10.82,-122,488,340
6.35,-7.71,1.70,35.42,-10.47,-8.46,-124,485,352
6.33,-7.44,1.65,29.10,-12.27,-3.16,-125,484,351
6.08,-7.14,2.03,1.96,-15.30,0.73,-124,480,342
6.32,-6.42,1.58,-15.95,-15.66,-1.37,-128,491,343
6.96,-7.19,1.43,-12.36,-18.94,-7.24,-123,477,346
6.93,-8.11,1.84,-1.76,-18.62,-8.37,-128,486,346
7.34,-8.50,2.20,2.22,-13.18,-5.71,-115,488,354
7.31,-8.60,2.52,5.12,-7.52,-0.37,-124,488,345
7.09,-7.70,2.51,10.97,0.31,3.15,-118,491,348
6.23,-6.71,2.10,17.95,8.11,1.66,-127,485,352
6.10,-6.67,1.70,19.42,15.85,-1.89,-124,480,345
5.94,-7.33,1.23,12.48,17.93,-3.87,-127,490,347
5.97,-7.74,0.80,8.25,19.64,-2.05,-116,491,346
5.88,-7.53,0.14,1.51,19.38,-0.37,-128,489,331
7.81,-11.56,1.04,1.59,11.91,6.81,-128,486,343
8.72,-13.01,6.51,31.12,35.11,43.58,-110,478,337
6.31,-7.37,3.23,28.19,60.15,52.49,-121,494,343
6.01,-6.66,1.14,26.91,62.62,50.53,-104,491,317
5.79,-5.43,2.68,8.39,52.53,42.96,-110,492,325
5.63,-6.46,3.80,-25.26,52.93,36.63,-101,498,329
5.39,-5.67,1.93,-43.22,50.50,25.89,-104,498,331
5.45,-5.41,1.71,-47.26,41.50,7.88,-99,491,326
5.73,-7.00,1.97,-29.53,37.29,-7.11,-107,497,333
5.75,-9.66,0.67,-11.77,32.89,-3.11,-104,496,336
6.03,-8.53,-1.79,20.24,15.17,6.28,-102,492,333
4.85,-9.16,-1.19,45.76,-13.85,13.48,-105,497,330
5.55,-9.76,3.64,37.35,-17.45,25.58,-98,490,320
5.89,-7.88,5.35,19.69,2.07,26.44,-94,491,319
5.26,-6.95,2.89,4.59,12.15,13.74,-94,508,334
4.89,-6.85,0.71,4.70,4.79,1.26,-89,506,319
5.00,-7.39,0.69,3.15,-10.25,-8.23,-95,495,320
5.23,-8.12,2.10,-0.53,-18.28,-9.53,-102,497,320
5.64,-7.60,3.25,-2.66,-16.88,-8.06,-99,496,319
5.67,-8.77,3.34,-6.02,-10.92,-5.44,-108,496,319
5.70,-8.69,2.39,0.44,-4.37,1.36,-99,489,334
6.02,-7.53,2.33,12.71,-3.37,-0.92,-106,491,326
5.89,-6.62,2.54,6.73,-6.13,-4.55,-95,495,318
5.70,-7.33,3.46,-28.66,-8.31,-8.50,-96,498,322
6.08,-6.77,3.56,-42.21,-5.38,-14.42,-104,506,319
6.09,-6.55,3.34,-31.70,-4.32,-26.31,-96,494,326
6.49,-7.38,3.06,-12.58,0.94,-38.80,-105,497,325
6.68,-9.50,2.91,7.80,11.49,-42.34,-94,491,329
7.41,-11.33,2.92,13.29,19.62,-32.76,-119,495,323
7.98,-12.08,2.51,33.61,24.79,-10.65,-108,486,326
7.33,-10.94,2.48,42.21,23.22,17.53,-116,501,326
6.52,-8.97,2.87,39.27,23.63,35.85,-117,490,318
6.08,-7.36,3.23,35.99,27.53,38.82,-111,498,322
5.34,-6.58,3.39,38.60,36.55,31.85,-105,497,311
5.15,-7.04,2.98,42.25,44.48,20.49,-104,491,305
4.10,-7.40,2.36,55.47,52.21,12.88,-105,488,311
3.19,-7.00,1.57,30.25,51.38,12.08,-108,494,297
3.07,-6.63,0.67,6.02,42.97,13.82,-99,496,288
2.87,-5.68,0.39,-0.54,32.60,8.46,-102,495,294
2.92,-6.00,0.11,-15.04,17.66,3.04,-100,488,294
2.76,-6.32,-0.01,-21.61,5.31,-2.18,-96,494,293
3.17,-7.02,-0.01,-14.39,-5.82,-10.89,-95,495,286
4.39,-8.57,0.45,-4.90,-19.75,-13.30,-100,488,303
4.54,-9.03,1.07,-5.23,-32.95,-1.85,-102,495,291
5.11,-8.03,1.71,-7.05,-46.38,8.25,-101,491,297
5.52,-7.36,2.82,-21.91,-57.47,9.47,-99,494,295
6.24,-7.70,4.14,-34.44,-61.40,4.63,-105,495,311
7.08,-8.96,5.34,-33.36,-51.05,1.39,-105,495,311
7.43,-9.45,5.75,-16.63,-30.47,-0.88,-102,500,313
7.51,-9.24,5.37,-2.70,-11.08,-1.75,-100,504,306
7.40,-9.00,4.94,15.95,4.04,1.74,-101,496,312
6.87,-8.07,4.54,12.21,12.07,5.04,-93,504,313
6.69,-7.76,4.33,-2.01,15.42,5.99,-100,497,313
6.26,-7.68,3.93,-17.16,18.07,7.92,-101,491,307
5.77,-7.04,3.41,-31.05,18.79,9.97,-98,497,311
5.25,-6.38,2.82,-33.24,22.00,6.05,-94,496,319
5.03,-6.33,2.03,-26.07,23.98,-2.44,-93,483,323
4.96,-6.87,1.32,-12.25,20.24,-9.68,-94,508,319
4.78,-7.46,1.14,-0.27,13.29,-11.82,-95,502,318
4.58,-7.56,1.39,4.80,7.71,-11.43,-100,495,318
4.18,-7.47,1.26,4.93,0.87,-12.62,-101,501,312
3.92,-7.75,1.49,-2.86,-5.69,-11.71,-94,496,326
3.97,-7.73,1.39,-22.58,-11.83,-8.55,-99,491,319
4.47,-7.87,1.13,-37.05,-21.73,-7.64,-101,494,312
4.43,-8.17,1.22,-44.62,-29.98,-6.42,-95,495,323
4.79,-8.34,1.31,-45.33,-33.54,-5.56,-102,500,323
5.24,-8.85,1.55,-37.10,-36.53,-7.11,-95,495,328
5.28,-9.31,2.36,-14.10,-32.65,-5.09,-111,489,329
5.39,-9.28,2.85,11.76,-19.42,-1.96,-105,490,340
4.84,-9.16,2.99,23.33,-4.39,2.75,-94,494,336
4.84,-8.89,2.39,11.24,5.48,8.93,-104,494,339
4.63,-8.45,1.84,-15.13,4.84,17.83,-110,504,328
4.63,-7.49,1.56,-39.80,0.37,19.79,-101,494,334
5.06,-7.80,1.49,-34.07,-4.25,15.91,-102,495,333
4.85,-7.49,1.76,-11.90,-1.98,12.09,-99,489,343
4.46,-7.06,1.62,8.53,2.44,8.14,-92,494,351
4.43,-6.60,1.28,18.89,2.73,2.46,-95,492,337
4.17,-6.39,1.21,25.45,1.06,-1.10,-90,495,340
4.32,-6.39,0.92,24.71,1.08,-5.60,-98,495,328
5.09,-7.38,0.57,8.10,-9.11,-10.50,-92,503,331
5.03,-7.95,0.73,-9.60,-20.79,-7.33,-95,492,340
5.51,-7.53,0.74,-15.79,-31.11,-3.75,-90,495,340
5.31,-6.51,1.14,-0.30,-34.25,-6.06,-87,501,346
4.90,-5.87,1.36,12.47,-32.79,-14.24,-93,502,349
5.17,-6.09,1.70,22.37,-30.45,-25.14,-100,492,337
5.60,-7.06,1.96,33.07,-26.33,-35.44,-98,497,340
6.29,-8.31,2.10,41.78,-22.02,-38.50,-105,497,325
6.33,-8.90,2.29,18.87,-24.75,-31.79,-113,494,339
5.68,-8.40,2.22,-35.92,-30.31,-19.19,-94,496,339
6.26,-6.88,1.45,-59.37,-33.91,-14.85,-117,500,328
6.95,-7.98,2.19,-51.02,-36.05,-18.79,-119,495,345
10.09,-17.00,14.63,-13.89,32.79,17.05,-106,496,343
8.84,-10.00,4.34,-20.24,81.54,22.74,-111,486,353
6.91,-8.77,-0.49,67.02,88.96,15.72,-99,491,343
6.42,-4.12,1.67,102.15,72.07,-10.94,-107,497,335
5.63,-6.21,4.05,47.39,68.94,-27.09,-112,500,320
5.01,-5.25,-0.30,24.50,55.03,-34.16,-115,500,320
4.71,-6.13,-1.60,-7.47,17.30,-36.99,-121,494,317
4.86,-8.32,-0.51,-31.75,-11.04,-31.74,-125,491,317
6.81,-11.61,-1.03,-41.38,-32.90,-10.68,-127,478,320
6.47,-10.87,0.37,-36.11,-48.72,16.92,-122,492,325
5.13,-6.83,1.44,-19.24,-50.82,23.05,-106,484,329
3.96,-9.08,4.88,16.05,-26.43,17.66,-118,489,324
4.74,-8.86,3.87,51.89,8.41,25.11,-113,498,336
4.78,-6.48,1.27,104.02,23.36,24.27,-125,489,329
3.50,-6.25,2.73,136.86,30.29,24.87,-113,491,317
2.71,-6.74,-3.95,155.93,-17.62,25.15,-113,496,302
4.20,-8.81,2.75,152.93,-45.86,16.74,-111,496,280
6.93,-7.03,6.03,84.34,-30.06,5.74,-101,491,285
7.20,-7.10,6.29,31.19,2.38,-9.50,-107,497,274
5.37,-6.52,3.20,0.08,13.83,-23.66,-99,489,263
4.33,-7.45,3.05,-22.19,7.42,-32.74,-117,490,277
4.62,-7.37,2.11,-28.65,-0.80,-31.65,-113,496,273
6.04,-7.36,1.31,-15.65,-12.98,-29.74,-121,486,276
7.21,-7.24,2.48,-2.91,-15.69,-22.73,-115,480,286
7.45,-7.22,3.47,-15.98,-5.76,-20.67,-119,500,282
10.85,-12.24,0.99,-29.20,7.95,-14.79,-117,488,286
7.89,-3.46,19.47,2.37,-2.50,0.30,-123,494,290
6.44,-6.79,2.36,6.82,69.00,-42.33,-125,479,278
7.07,-7.61,-0.50,-22.50,38.63,-44.24,-121,494,283
6.41,-6.98,1.11,-10.89,3.84,-39.10,-129,492,289
6.67,-8.35,2.42,5.08,-1.03,-24.19,-127,485,279
6.51,-9.17,3.07,36.61,0.12,6.14,-139,492,282
7.34,-7.32,3.00,55.97,-7.21,33.14,-123,477,278
7.37,-4.33,3.37,47.53,-13.66,29.44,-131,480,277
6.76,-3.94,4.14,23.79,-5.61,6.47,-136,483,270
6.11,-6.02,4.11,2.88,4.62,-7.63,-128,484,271
5.78,-7.85,3.89,-8.79,8.69,-9.39,-129,485,277
5.27,-8.66,4.26,-12.27,12.47,-1.50,-125,494,271
4.84,-8.42,4.04,-5.67,15.53,11.17,-128,489,266
4.40,-7.44,3.62,-4.58,9.36,17.06,-124,488,265
4.40,-6.78,3.78,-5.24,1.51,13.55,-124,480,277
4.92,-6.61,3.12,-6.21,-7.01,6.50,-121,494,268
5.46,-6.68,3.15,-0.69,-13.41,-4.31,-133,489,268
6.10,-7.20,4.06,-1.92,-10.85,-10.21,-116,481,276
6.24,-7.53,4.22,4.02,0.25,-6.33,-123,486,278
6.07,-7.39,3.54,8.72,5.71,1.47,-124,478,265
6.49,-6.98,3.16,10.78,5.14,7.95,-125,481,266
6.72,-6.41,3.33,5.27,4.48,9.92,-128,484,278
7.10,-5.57,3.19,-6.78,7.29,8.18,-125,491,266
6.74,-4.96,3.82,-19.38,18.18,-1.51,-127,480,279
5.70,-5.26,3.02,-31.17,22.97,-16.61,-125,496,271
5.34,-6.70,2.68,-30.77,16.49,-24.40,-133,489,273
5.53,-7.55,2.56,-20.78,7.78,-21.76,-125,486,276
6.65,-7.76,2.84,-4.18,1.79,-12.69,-127,488,272
6.75,-7.77,3.33,7.29,0.28,1.89,-124,488,267
6.33,-6.59,4.16,9.91,7.76,15.16,-128,494,273
5.82,-6.23,3.65,9.76,10.54,19.28,-130,494,276
5.42,-5.44,3.41,0.16,2.16,10.14,-129,485,270
5.46,-5.58,3.97,-10.55,-1.36,-6.34,-124,485,277
5.68,-6.88,3.97,-15.75,1.24,-15.82,-121,486,283
5.70,-7.17,3.51,-15.76,1.84,-18.79,-133,479,271
5.85,-7.47,3.43,-12.05,0.79,-15.61,-135,479,283
6.48,-8.12,3.70,-7.15,2.15,-2.68,-127,488,272
6.73,-7.72,3.65,0.36,2.24,9.19,-122,485,282
6.31,-6.77,3.76,2.15,1.37,11.37,-130,494,276
6.18,-6.22,3.65,-2.52,1.11,3.32,-135,481,285
6.05,-6.60,3.77,-4.32,2.56,-7.08,-133,494,280
5.97,-6.88,3.50,-4.60,4.04,-12.45,-124,488,282
6.04,-6.87,3.45,-7.27,3.43,-11.60,-131,478,277
6.29,-7.17,3.41,-7.26,4.27,-4.56,-129,492,272
6.35,-7.00,3.26,-4.75,3.39,2.50,-136,490,284
6.10,-6.57,3.26,-2.63,1.82,3.93,-130,479,285
5.65,-6.36,3.47,-3.73,1.22,2.32,-128,491,273
5.55,-6.05,2.97,-7.16,-1.82,-4.03,-129,492,279
5.88,-6.80,3.07,-11.84,-6.44,-10.46,-124,488,279
6.34,-7.61,3.48,-14.76,-6.53,-10.26,-125,489,278
6.09,-7.79,3.64,-14.57,-2.91,-5.47,-122,485,286
5.60,-8.00,3.44,-12.16,-0.34,0.53,-130,489,285
5.50,-8.79,3.12,-7.17,-1.41,9.18,-138,477,280
5.65,-9.38,3.06,2.47,-4.91,20.92,-134,485,289
5.61,-8.87,3.34,11.65,-7.18,31.11,-128,481,293
5.46,-7.73,3.62,11.77,-5.28,33.85,-130,489,285
4.90,-7.16,3.47,13.53,-3.40,29.44,-127,485,289
4.82,-6.83,2.90,11.21,-7.00,21.82,-130,484,288
5.29,-6.56,3.31,-3.47,-11.14,14.58,-117,490,279
5.32,-6.83,4.17,-11.53,-3.67,10.44,-121,484,290
5.16,-7.12,3.09,-9.39,-4.08,10.02,-118,489,288
5.59,-7.30,2.78,-2.77,-13.90,10.61,-123,496,280
6.87,-6.79,3.13,3.76,-17.50,7.99,-118,496,280
7.34,-6.17,3.71,-2.95,-19.43,-1.17,-117,488,291
8.06,-5.70,3.69,-20.51,-18.89,-16.49,-110,492,291
8.55,-6.14,3.98,-33.03,-10.76,-31.36,-125,491,285
9.19,-7.68,3.82,-36.52,2.20,-34.11,-123,486,300
9.70,-8.98,3.70,-33.35,12.31,-22.40,-136,485,294
8.61,-9.51,2.89,-18.63,16.90,-4.09,-127,488,296
7.91,-8.35,2.26,7.02,13.97,6.60,-124,488,301
7.25,-7.49,2.43,17.71,9.21,6.59,-123,486,300
7.07,-6.45,3.23,15.71,9.52,-1.31,-117,490,291
7.29,-5.94,3.00,0.91,11.12,-11.82,-127,485,289
7.35,-7.38,3.08,-11.57,16.44,-12.10,-118,494,297
6.23,-8.64,3.27,-8.42,25.31,0.28,-128,479,307
4.92,-8.38,2.79,-2.42,21.17,11.66,-128,496,295
4.47,-7.53,1.44,2.53,3.34,16.83,-124,495,291
5.11,-6.96,1.94,3.37,-11.51,9.59,-115,490,291
5.67,-6.21,3.57,-4.50,-4.52,-8.30,-129,490,294
5.56,-5.66,4.04,-18.32,15.86,-30.43,-116,489,293
5.46,-5.92,3.52,-30.76,36.18,-48.67,-129,488,296
5.01,-7.85,2.40,-35.12,40.39,-44.26,-130,481,302
4.06,-8.91,1.98,-24.41,31.37,-15.21,-129,488,296
3.84,-6.71,2.08,-16.57,16.50,9.65,-135,496,302
4.70,-5.20,1.64,-13.43,1.29,19.49,-135,486,300
6.01,-4.84,1.59,-24.79,-6.28,9.72,-130,479,297
6.51,-7.13,3.15,-38.12,1.79,-8.25,-133,489,312
6.64,-8.94,3.68,-39.54,18.57,-23.60,-134,483,308
6.29,-9.15,3.23,-30.73,32.98,-29.39,-134,480,308
5.54,-9.35,2.24,-14.56,38.06,-15.61,-134,490,311
5.23,-8.25,2.34,-3.21,34.02,8.32,-135,486,307
4.93,-6.25,2.57,3.34,28.65,24.08,-133,486,307
4.69,-4.67,2.78,-4.45,21.19,23.30,-139,495,313
4.74,-3.58,3.62,-20.92,22.08,5.62,-140,484,300
4.46,-4.54,3.61,-36.44,30.12,-17.04,-130,486,300
4.20,-6.17,2.45,-40.25,32.52,-26.76,-130,484,302
4.32,-7.73,1.49,-32.20,21.97,-21.06,-129,485,313
4.97,-7.58,1.52,-22.13,8.07,-7.52,-134,483,323
5.82,-7.09,2.09,-16.41,0.81,1.27,-142,484,317
6.16,-6.84,3.25,-17.11,5.74,1.70,-135,491,314
6.02,-6.29,3.39,-19.40,17.60,-5.02,-134,488,320
5.60,-6.31,2.92,-21.99,24.34,-12.44,-136,488,325
5.36,-6.65,2.40,-23.82,20.96,-16.92,-140,489,322
5.20,-7.60,2.53,-25.07,15.00,-18.05,-134,483,328
5.37,-8.30,2.60,-20.22,9.98,-14.13,-144,475,311
6.06,-8.50,2.60,-9.37,5.50,-4.92,-138,484,324
5.95,-7.90,3.17,-2.41,7.22,3.60,-145,491,314
5.50,-6.72,3.14,-0.55,10.92,3.74,-145,481,322
5.15,-6.27,2.90,-8.63,9.08,-7.60,-144,485,333
5.14,-6.66,2.96,-17.28,5.02,-21.61,-150,479,317
5.32,-7.47,2.73,-20.53,0.07,-29.37,-145,484,322
5.99,-8.23,2.66,-17.26,-4.60,-25.37,-148,475,328
6.39,-8.38,2.48,-9.04,-5.67,-14.76,-150,484,326
6.52,-7.76,2.65,-6.24,-4.98,-7.88,-153,483,325
6.45,-7.69,2.86,-6.27,-1.70,-5.76,-155,479,329
6.43,-7.55,2.80,-5.58,0.12,-6.91,-153,485,325
6.44,-7.45,2.69,-7.69,1.29,-9.53,-144,480,330
6.38,-7.74,2.74,-6.30,2.60,-9.93,-153,478,335
6.42,-8.21,2.72,-1.75,2.27,-5.37,-155,472,331
6.40,-7.99,2.69,0.52,1.49,0.82,-142,484,329
6.28,-7.38,2.90,3.31,2.70,4.52,-155,469,326